date,etl:adj_close,etl:adj_open,etl:adj_high,etl:adj_low,price:成交股數,price:成交筆數,price:成交金額,institutional_investors_trading_summary:外陸資買賣超股數(不含外資自營商),institutional_investors_trading_summary:外資自營商買賣超股數,institutional_investors_trading_summary:投信買賣超股數,institutional_investors_trading_summary:自營商買賣超股數(自行買賣),institutional_investors_trading_summary:自營商買賣超股數(避險),foreign_investors_shareholding:全體外資及陸資持股比率
2023-10-19,415.0,410.0,429.0,400.0,5006963.0,6747.0,2088862794.0,-382652.0,0.0,0.0,25000.0,0.0,5.45
2023-10-20,436.5,414.0,439.5,410.5,3159773.0,5014.0,1349428553.0,-36741.0,0.0,0.0,0.0,0.0,5.43
2023-10-23,424.0,434.5,438.0,421.5,1436293.0,2839.0,615553744.0,-59287.0,0.0,0.0,-25000.0,0.0,5.4
2023-10-24,419.0,425.0,427.0,414.0,973294.0,2069.0,407547440.0,15340.0,0.0,0.0,0.0,0.0,5.41
2023-10-25,422.0,421.0,430.5,421.0,1058152.0,1687.0,449566245.0,67005.0,0.0,0.0,0.0,0.0,5.45
2023-10-26,412.0,413.0,417.5,410.0,775316.0,1901.0,320569407.0,71000.0,0.0,0.0,-2017.0,0.0,5.49
2023-10-27,420.0,412.0,420.0,410.0,1060803.0,1290.0,441135798.0,-96700.0,0.0,493000.0,0.0,0.0,5.43
2023-10-30,427.0,428.5,435.0,426.5,1024439.0,1915.0,440188175.0,7500.0,0.0,0.0,0.0,0.0,5.44
2023-10-31,412.0,427.0,427.0,411.0,820568.0,2007.0,343171611.0,8000.0,0.0,0.0,0.0,0.0,5.44
2023-11-01,415.0,415.5,417.0,412.0,278667.0,683.0,115448780.0,49000.0,0.0,0.0,0.0,0.0,5.47
2023-11-02,424.0,419.0,428.0,419.0,759884.0,1177.0,322280460.0,64995.0,0.0,0.0,0.0,0.0,5.51
2023-11-03,421.5,427.5,427.5,421.0,446562.0,753.0,189205304.0,-13000.0,0.0,0.0,0.0,0.0,5.5
2023-11-06,421.5,424.5,424.5,418.0,421483.0,881.0,177629107.0,10000.0,0.0,0.0,-34.0,0.0,5.51
2023-11-07,454.0,454.5,454.5,439.0,3281536.0,5180.0,1472123529.0,284000.0,0.0,-1000.0,5000.0,0.0,5.68
2023-11-08,454.0,455.0,459.0,447.0,2010575.0,3461.0,917555932.0,-118993.0,0.0,-1000.0,10663.0,0.0,5.61
2023-11-09,451.0,454.0,454.0,448.0,878744.0,1698.0,395559611.0,-14000.0,0.0,-6000.0,-6000.0,0.0,5.6
2023-11-10,456.0,450.5,458.0,449.5,1192810.0,1982.0,543191189.0,45000.0,0.0,38000.0,1000.0,0.0,5.63
2023-11-13,450.5,458.0,459.0,450.5,1008853.0,1753.0,458969757.0,-18000.0,0.0,-6000.0,-5000.0,0.0,5.61
2023-11-14,444.0,452.5,452.5,441.0,931923.0,1793.0,415140461.0,26000.0,0.0,-2000.0,-4000.0,0.0,5.63
2023-11-15,464.5,448.5,475.0,446.5,2205275.0,3330.0,1020312253.0,275000.0,0.0,-13000.0,6000.0,0.0,5.8
2023-11-16,462.0,461.5,466.5,457.0,768175.0,1556.0,353819009.0,-104000.0,0.0,9000.0,1000.0,0.0,5.73
2023-11-17,462.5,461.5,465.0,456.5,579842.0,1107.0,266733540.0,-31000.0,0.0,7000.0,0.0,0.0,5.71
2023-11-20,465.5,462.5,468.0,460.0,597168.0,1051.0,277238264.0,-32000.0,0.0,5000.0,0.0,0.0,5.7
2023-11-21,493.5,470.0,493.5,468.0,2662262.0,4182.0,1285388623.0,162010.0,0.0,5000.0,-11000.0,0.0,5.79
2023-11-22,536.0,490.0,540.0,488.5,3415855.0,6199.0,1758204484.0,220899.0,0.0,-1000.0,15000.0,0.0,5.93
2023-11-23,523.0,531.0,532.0,510.0,2078036.0,4256.0,1084198392.0,-81945.0,0.0,4000.0,4000.0,0.0,5.88
2023-11-24,533.0,527.0,535.0,515.0,1025532.0,2119.0,540151127.0,63000.0,0.0,1000.0,3000.0,0.0,5.91
2023-11-27,529.0,539.0,550.0,529.0,1697720.0,2773.0,911459053.0,-161000.0,0.0,0.0,6000.0,0.0,5.82
2023-11-28,534.0,530.0,536.0,525.0,679220.0,1532.0,360619642.0,6000.0,0.0,5000.0,0.0,0.0,5.82
2023-11-29,537.0,536.0,539.0,530.0,643069.0,1306.0,343893579.0,54000.0,0.0,3000.0,-1000.0,0.0,5.85
2023-11-30,551.0,542.0,559.0,538.0,1231489.0,2683.0,677075252.0,42000.0,0.0,0.0,-1000.0,0.0,5.88
2023-12-01,542.0,551.0,551.0,537.0,920681.0,1856.0,500764071.0,-2000.0,0.0,1000.0,-4000.0,0.0,5.88
2023-12-04,542.0,545.0,557.0,542.0,1128124.0,2120.0,618608571.0,100010.0,0.0,148000.0,-1000.0,0.0,5.94
2023-12-05,543.0,542.0,552.0,535.0,707948.0,1456.0,385906797.0,-14000.0,0.0,50000.0,1000.0,0.0,5.93
2023-12-06,539.0,544.0,544.0,533.0,652880.0,1534.0,351563105.0,5000.0,0.0,0.0,1000.0,0.0,5.93
2023-12-07,524.0,532.0,538.0,521.0,1089770.0,2718.0,576473569.0,62300.0,0.0,-1000.0,-21000.0,0.0,5.97
2023-12-08,529.0,532.0,534.0,526.0,472524.0,1001.0,250651879.0,105000.0,0.0,-2000.0,1000.0,0.0,6.03
2023-12-11,549.0,530.0,550.0,530.0,1000391.0,1763.0,542913583.0,181000.0,0.0,-2000.0,3000.0,0.0,6.14
2023-12-12,546.0,554.0,554.0,542.0,506938.0,1143.0,277901999.0,-7000.0,0.0,-1000.0,0.0,0.0,6.14
2023-12-13,554.0,548.0,556.0,542.0,925277.0,1636.0,511194695.0,75000.0,0.0,50000.0,3000.0,0.0,6.18
2023-12-14,578.0,563.0,580.0,561.0,1828611.0,3258.0,1048873758.0,138000.0,0.0,88000.0,5000.0,0.0,6.27
2023-12-15,578.0,585.0,587.0,568.0,1447530.0,2044.0,837523024.0,-76116.0,0.0,13000.0,11000.0,0.0,6.22
2023-12-18,574.0,578.0,579.0,564.0,722840.0,1441.0,414297602.0,-29000.0,0.0,15000.0,1000.0,1000.0,6.2
2023-12-19,573.0,576.0,579.0,564.0,684686.0,1293.0,392644157.0,-8800.0,0.0,40000.0,1000.0,0.0,6.21
2023-12-20,575.0,576.0,579.0,568.0,442854.0,904.0,254479048.0,-28000.0,0.0,-1000.0,0.0,0.0,6.21
2023-12-21,567.0,569.0,571.0,562.0,597294.0,1191.0,339339789.0,-31000.0,0.0,-1000.0,-5000.0,-1000.0,6.19
2023-12-22,565.0,568.0,572.0,563.0,458237.0,874.0,260143229.0,74000.0,0.0,-2000.0,0.0,0.0,6.24
2023-12-25,563.0,565.0,565.0,554.0,481749.0,1140.0,270497356.0,-18000.0,0.0,-1000.0,0.0,0.0,6.23
2023-12-26,578.0,563.0,579.0,561.0,981741.0,1673.0,563282439.0,236000.0,0.0,0.0,0.0,2000.0,6.37
2023-12-27,595.0,580.0,609.0,580.0,2262964.0,3916.0,1351085935.0,373010.0,0.0,148000.0,9000.0,1000.0,6.61
2023-12-28,587.0,598.0,600.0,585.0,867516.0,2040.0,513880924.0,-123030.0,0.0,-2000.0,-1000.0,0.0,6.53
2023-12-29,577.0,588.0,589.0,575.0,760718.0,1732.0,441288259.0,-208990.0,0.0,-1000.0,-21000.0,0.0,6.4
2024-01-02,553.0,574.0,576.0,543.0,1478267.0,3627.0,822152367.0,-261000.0,0.0,0.0,-3000.0,0.0,6.25
2024-01-03,544.0,549.0,552.0,539.0,649208.0,1805.0,353551754.0,11000.0,0.0,0.0,1000.0,-1000.0,6.26
2024-01-04,548.0,547.0,555.0,544.0,499311.0,933.0,273727982.0,-4000.0,0.0,0.0,0.0,1000.0,6.26
2024-01-05,544.0,548.0,550.0,543.0,337999.0,892.0,184202797.0,-10000.0,0.0,-40000.0,0.0,-1000.0,6.25
2024-01-08,540.0,546.0,552.0,540.0,498833.0,993.0,272001771.0,-65000.0,0.0,0.0,0.0,0.0,6.21
2024-01-09,539.0,546.0,546.0,539.0,371924.0,881.0,201724404.0,-84000.0,0.0,1000.0,0.0,0.0,6.17
2024-01-10,541.0,540.0,545.0,529.0,399652.0,955.0,214767718.0,-30000.0,0.0,1000.0,0.0,-39.0,6.16
2024-01-11,541.0,547.0,547.0,541.0,316858.0,843.0,172055023.0,-27000.0,0.0,0.0,0.0,-13.0,6.15
2024-01-12,536.0,543.0,544.0,535.0,361453.0,940.0,194950082.0,-43000.0,0.0,0.0,0.0,-555.0,6.12
2024-01-15,531.0,539.0,543.0,531.0,320508.0,999.0,171630243.0,-78000.0,0.0,0.0,0.0,-393.0,6.08
2024-01-16,517.0,528.0,528.0,513.0,961125.0,2484.0,498492803.0,41000.0,0.0,-105000.0,0.0,0.0,6.11
2024-01-17,517.0,514.0,527.0,514.0,555445.0,1023.0,288750963.0,-161000.0,0.0,0.0,2000.0,0.0,6.02
2024-01-18,538.0,517.0,546.0,517.0,1106677.0,1766.0,593263265.0,196000.0,0.0,0.0,-5000.0,0.0,6.13
2024-01-19,538.0,547.0,549.0,533.0,666845.0,2838.0,360357975.0,45454.0,0.0,-88000.0,-1000.0,0.0,6.16
2024-01-22,536.0,542.0,546.0,535.0,496751.0,1169.0,268068117.0,31000.0,0.0,-51000.0,0.0,0.0,6.18
2024-01-23,543.0,536.0,543.0,532.0,308516.0,604.0,166196009.0,30600.0,0.0,-3000.0,0.0,0.0,6.21
2024-01-24,569.0,547.0,574.0,547.0,1869340.0,3380.0,1056264610.0,344000.0,0.0,-2000.0,5000.0,0.0,6.43
2024-01-25,578.0,568.0,588.0,561.0,1659049.0,3040.0,959548711.0,43000.0,0.0,12000.0,4000.0,0.0,6.46
2024-01-26,572.0,576.0,582.0,568.0,648004.0,1208.0,371949663.0,105000.0,0.0,0.0,7000.0,0.0,6.52
2024-01-29,568.0,575.0,575.0,559.0,793379.0,9532.0,449591573.0,-49000.0,0.0,-1000.0,-18000.0,0.0,6.49
2024-01-30,579.0,572.0,588.0,564.0,1436780.0,3515.0,831031394.0,-23000.0,0.0,-2000.0,0.0,0.0,6.48
2024-01-31,569.0,579.0,584.0,565.0,935445.0,7677.0,536220455.0,106003.0,0.0,-1000.0,5000.0,0.0,6.54
2024-02-01,562.0,568.0,570.0,560.0,545757.0,972.0,308122798.0,67000.0,0.0,0.0,0.0,0.0,6.58
2024-02-02,577.0,566.0,582.0,566.0,909357.0,1383.0,523415443.0,249000.0,0.0,-1000.0,19000.0,480.0,6.73
2024-02-05,572.0,582.0,582.0,566.0,732396.0,4352.0,419239588.0,-164000.0,0.0,11000.0,0.0,0.0,6.62
2024-02-15,601.0,582.0,602.0,575.0,3012110.0,3817.0,1791202329.0,982000.0,0.0,126000.0,58000.0,0.0,7.22
2024-02-16,600.0,610.0,610.0,594.0,954392.0,1787.0,573137335.0,-69000.0,0.0,-4000.0,-11000.0,0.0,7.18
2024-02-19,591.0,597.0,599.0,586.0,871253.0,9218.0,514711665.0,-298000.0,0.0,0.0,-26000.0,0.0,6.85
2024-02-20,598.0,592.0,606.0,590.0,994347.0,2108.0,595760742.0,83990.0,0.0,-4000.0,16000.0,0.0,6.9
2024-02-21,595.0,600.0,602.0,594.0,505236.0,905.0,302089163.0,19250.0,0.0,0.0,-1000.0,-55.0,6.92
2024-02-22,650.0,602.0,654.0,600.0,4511419.0,6749.0,2876518624.0,694750.0,0.0,257000.0,48000.0,1199.0,7.34
2024-02-23,688.0,658.0,693.0,656.0,4955681.0,7000.0,3355307792.0,200500.0,0.0,282500.0,43000.0,-602.0,7.47
2024-02-26,699.0,685.0,709.0,669.0,3286678.0,5340.0,2271451314.0,249350.0,0.0,37000.0,59000.0,978.0,7.62
2024-02-27,693.0,703.0,710.0,679.0,2275956.0,3578.0,1579606645.0,143000.0,0.0,6000.0,6000.0,0.0,7.71
2024-02-29,692.0,700.0,707.0,684.0,2514547.0,3771.0,1741795900.0,-441062.0,0.0,30000.0,-9000.0,0.0,7.45
2024-03-01,681.0,692.0,700.0,680.0,1166240.0,2462.0,801804199.0,42000.0,0.0,7000.0,-38000.0,772.0,7.48
2024-03-04,681.0,686.0,698.0,681.0,1125028.0,1932.0,775433024.0,7600.0,0.0,-2000.0,-27000.0,-155.0,7.49
2024-03-05,677.0,691.0,696.0,677.0,1064521.0,2013.0,727089716.0,-167000.0,0.0,-3000.0,-17000.0,-276.0,7.39
2024-03-06,677.0,675.0,686.0,673.0,922674.0,1712.0,626327162.0,-7000.0,0.0,-2000.0,-5000.0,-242.0,7.37
2024-03-07,671.0,702.0,717.0,671.0,3544770.0,4996.0,2453779329.0,-596980.0,0.0,-5000.0,10000.0,521.0,6.99
2024-03-08,658.0,676.0,697.0,645.0,3061286.0,5063.0,2055841366.0,215030.0,0.0,-34000.0,-65000.0,528.0,7.12
2024-03-11,667.0,667.0,678.0,659.0,796221.0,1535.0,532423855.0,-8000.0,0.0,-12000.0,1000.0,-502.0,7.12
2024-03-12,659.0,674.0,674.0,656.0,775588.0,4662.0,513019014.0,-125502.0,0.0,-30000.0,-20000.0,318.0,7.04
2024-03-13,651.0,666.0,674.0,651.0,934713.0,1804.0,615579241.0,-205000.0,0.0,-2000.0,10000.0,-220.0,6.89
2024-03-14,628.0,648.0,648.0,621.0,1307078.0,3427.0,829013939.0,-115000.0,0.0,16000.0,18000.0,805.0,6.85
2024-03-15,614.0,615.0,623.0,611.0,1028807.0,2398.0,634445962.0,-121313.0,0.0,-169500.0,1000.0,-390.0,6.81
2024-03-18,630.0,601.0,634.0,601.0,943881.0,1529.0,584939127.0,-244882.0,0.0,15000.0,4000.0,-9.0,6.64
2024-03-19,629.0,626.0,645.0,623.0,725586.0,1416.0,460523685.0,-208667.0,0.0,61000.0,18000.0,-1129.0,6.51
2024-03-20,626.0,629.0,642.0,623.0,686215.0,1905.0,432312690.0,-188403.0,0.0,-11000.0,2000.0,-1060.0,6.4
2024-03-21,640.0,649.0,676.0,636.0,2250339.0,4594.0,1466966936.0,-454837.0,0.0,-1000.0,-43000.0,-153.0,6.18
2024-03-22,648.0,640.0,657.0,638.0,774775.0,4487.0,502314424.0,190517.0,0.0,20000.0,-4000.0,60.0,6.31
2024-03-25,631.0,643.0,651.0,627.0,1055871.0,3105.0,671137872.0,-300456.0,0.0,-56000.0,9000.0,8.0,6.13
2024-03-26,625.0,631.0,642.0,619.0,698099.0,1470.0,438559800.0,53000.0,0.0,-37000.0,19000.0,53.0,6.18
2024-03-27,624.0,621.0,628.0,620.0,303974.0,984.0,189938933.0,-6000.0,0.0,-11000.0,-14000.0,13.0,6.21
2024-03-28,611.0,626.0,627.0,609.0,656296.0,1930.0,403921988.0,-58000.0,0.0,-111000.0,5000.0,1030.0,6.19
2024-03-29,619.0,610.0,619.0,606.0,587435.0,1402.0,359610584.0,88000.0,0.0,-79000.0,1000.0,-13.0,6.24
2024-04-01,619.0,619.0,624.0,616.0,220192.0,646.0,136424621.0,7000.0,0.0,-7000.0,1000.0,-304.0,6.25
2024-04-02,650.0,624.0,665.0,624.0,1847886.0,2977.0,1197514957.0,304696.0,0.0,-39000.0,2000.0,964.0,6.43
2024-04-03,647.0,640.0,658.0,640.0,638964.0,1139.0,415808049.0,136059.0,0.0,0.0,0.0,-341.0,6.52
2024-04-08,639.0,655.0,668.0,639.0,651112.0,6264.0,421941956.0,-71461.0,0.0,-30000.0,-8000.0,245.0,6.45
2024-04-09,650.0,646.0,659.0,643.0,798076.0,1811.0,520014980.0,44000.0,0.0,-1000.0,-2000.0,31200.0,6.48
2024-04-10,655.0,651.0,664.0,649.0,660055.0,1087.0,432782304.0,-16680.0,0.0,-4000.0,3000.0,228505.0,6.46
2024-04-11,644.0,656.0,662.0,641.0,610342.0,1176.0,396203343.0,-84240.0,0.0,2000.0,-8000.0,-25754.0,6.41
2024-04-12,650.0,642.0,654.0,642.0,422233.0,755.0,273959072.0,36517.0,0.0,-1000.0,1000.0,56813.0,6.42
2024-04-15,630.0,650.0,650.0,628.0,613270.0,1423.0,390282284.0,-56000.0,0.0,-1000.0,-39000.0,-10408.0,6.39
2024-04-16,635.0,621.0,653.0,621.0,1412345.0,2079.0,903654665.0,260726.0,0.0,300000.0,2000.0,26868.0,6.54
2024-04-17,698.0,646.0,698.0,644.0,3913853.0,6203.0,2659041206.0,822684.0,0.0,772000.0,72000.0,211012.0,7.05
2024-04-18,704.0,692.0,725.0,687.0,3567453.0,5461.0,2533987232.0,-9162.0,0.0,611000.0,27000.0,-38387.0,7.04
2024-04-19,675.0,700.0,704.0,648.0,1848822.0,8084.0,1247508753.0,-38891.0,0.0,61000.0,-28000.0,-22870.0,7.01
2024-04-22,640.0,679.0,679.0,640.0,1220945.0,2925.0,801904222.0,-229977.0,0.0,256000.0,-38000.0,5797.0,6.88
2024-04-23,631.0,648.0,655.0,625.0,1059318.0,2450.0,674234866.0,-332000.0,0.0,26000.0,24000.0,1720.0,6.67
2024-04-24,674.0,639.0,682.0,638.0,1958389.0,2883.0,1294814445.0,-105000.0,0.0,52000.0,7000.0,108665.0,6.62
2024-04-25,654.0,668.0,668.0,654.0,614001.0,1279.0,404749191.0,19000.0,0.0,7000.0,-37000.0,12767.0,6.64
2024-04-26,652.0,665.0,688.0,652.0,1869003.0,2609.0,1248744516.0,-191089.0,0.0,-85000.0,25000.0,30410.0,6.53
2024-04-29,672.0,659.0,677.0,652.0,1338900.0,1945.0,890034760.0,49000.0,0.0,3000.0,-6000.0,-27136.0,6.56
2024-04-30,681.0,682.0,708.0,675.0,3526754.0,4641.0,2438209654.0,108960.0,0.0,316000.0,9000.0,-72535.0,6.63
2024-05-02,690.0,675.0,696.0,669.0,1432829.0,1973.0,984501347.0,66555.0,0.0,154000.0,-8000.0,-145326.0,6.67
2024-05-03,690.0,701.0,713.0,686.0,1540261.0,2372.0,1073197162.0,-288373.0,0.0,46000.0,26000.0,2470.0,6.51
2024-05-06,671.0,698.0,698.0,668.0,1292032.0,2173.0,877687704.0,-107000.0,0.0,3000.0,-9000.0,-26976.0,6.46
2024-05-07,674.0,677.0,692.0,662.0,1096250.0,1569.0,738996797.0,125000.0,0.0,1000.0,2000.0,22904.0,6.53
2024-05-08,695.0,679.0,718.0,672.0,3016757.0,4230.0,2112284487.0,895100.0,0.0,146000.0,20000.0,3289.0,7.08
2024-05-09,688.0,697.0,704.0,683.0,958136.0,1645.0,662572206.0,-64000.0,0.0,65000.0,-7000.0,-26339.0,7.04
2024-05-10,670.0,695.0,695.0,666.0,1404937.0,2501.0,944298056.0,-378000.0,0.0,0.0,-17000.0,-13600.0,6.81
2024-05-13,660.0,670.0,675.0,660.0,720232.0,1511.0,478295128.0,-133800.0,0.0,31000.0,-9000.0,-3532.0,6.74
2024-05-14,671.0,661.0,672.0,657.0,537677.0,995.0,358451457.0,-2000.0,0.0,87000.0,-10000.0,1984.0,6.74
2024-05-15,668.0,680.0,694.0,667.0,967515.0,1549.0,656185797.0,55000.0,0.0,-41000.0,-3000.0,-32395.0,6.76
2024-05-16,677.0,678.0,686.0,672.0,603007.0,1087.0,409231426.0,140000.0,0.0,-3000.0,3000.0,7688.0,6.85
2024-05-17,680.0,677.0,682.0,670.0,396602.0,708.0,268076180.0,61000.0,0.0,41000.0,19.0,3631.0,6.89
2024-05-20,691.0,683.0,695.0,675.0,927686.0,1534.0,637402587.0,273000.0,0.0,89000.0,9276.0,44537.0,7.05
2024-05-21,693.0,690.0,695.0,680.0,525755.0,969.0,362585112.0,98419.0,0.0,16000.0,8000.0,-8300.0,7.11
2024-05-22,762.0,694.0,762.0,689.0,5300832.0,6918.0,3917559104.0,1638431.0,0.0,104000.0,48000.0,25578.0,8.1
2024-05-23,760.0,763.0,770.0,731.0,2783757.0,4415.0,2098342332.0,485033.0,0.0,45000.0,45000.0,-55839.0,8.39
2024-05-24,765.0,755.0,776.0,742.0,1918395.0,2643.0,1460538352.0,128379.0,0.0,85000.0,23000.0,15387.0,8.44
2024-05-27,759.0,776.0,794.0,757.0,3208616.0,5308.0,2474991744.0,-747070.0,0.0,8000.0,27000.0,6867.0,7.98
2024-05-28,760.0,767.0,782.0,755.0,1623993.0,2297.0,1246184004.0,101000.0,0.0,1000.0,21000.0,-16625.0,8.03
2024-05-29,747.0,760.0,761.0,741.0,1031760.0,2109.0,772594162.0,291000.0,0.0,2000.0,-26000.0,-12889.0,8.21
2024-05-30,726.0,736.0,748.0,725.0,1134822.0,2313.0,832260119.0,76865.0,0.0,-34000.0,-3000.0,-1862.0,8.24
2024-05-31,711.0,736.0,738.0,706.0,1293001.0,2799.0,924876374.0,-206000.0,0.0,2000.0,-91000.0,-6419.0,8.11
2024-06-03,704.0,727.0,729.0,692.0,1313469.0,2426.0,925396225.0,-317800.0,0.0,10000.0,34000.0,12618.0,7.89
2024-06-04,721.0,704.0,738.0,704.0,1356458.0,2075.0,981695445.0,59200.0,0.0,150000.0,3000.0,38218.0,8.45
2024-06-05,710.0,733.0,733.0,710.0,828831.0,1400.0,594781082.0,-178000.0,0.0,22000.0,6000.0,-45829.0,8.33
2024-06-06,726.0,720.0,729.0,713.0,757747.0,1248.0,548032199.0,47000.0,0.0,27000.0,17000.0,9541.0,8.35
2024-06-07,732.0,730.0,737.0,718.0,674191.0,1143.0,493208200.0,84000.0,0.0,129000.0,1000.0,6594.0,8.42
2024-06-11,725.0,737.0,742.0,725.0,603872.0,1190.0,441857343.0,-52000.0,0.0,59000.0,-4276.0,-7969.0,8.39
2024-06-12,744.0,727.0,749.0,727.0,1046688.0,1751.0,776878763.0,178000.0,0.0,142000.0,2000.0,52942.0,8.49
2024-06-13,786.0,770.0,799.0,762.0,3492383.0,5363.0,2728118735.0,702100.0,0.0,260100.0,-5000.0,15208.0,8.91
2024-06-14,809.0,790.0,827.0,781.0,3427394.0,6238.0,2773336171.0,462961.0,0.0,240000.0,3000.0,9363.0,9.18
2024-06-17,805.0,819.0,844.0,796.0,2415063.0,5871.0,1977996078.0,53445.0,0.0,307000.0,-10000.0,10092.0,9.19
2024-06-18,810.0,815.0,834.0,801.0,2307840.0,3796.0,1881318924.0,-466858.0,0.0,208000.0,-15000.0,-32032.0,8.9
2024-06-19,800.0,811.0,822.0,796.0,1683992.0,3345.0,1358963787.0,-157669.0,0.0,9000.0,5000.0,472.0,8.81
2024-06-20,792.0,803.0,804.0,790.0,857674.0,2487.0,681529989.0,-74824.0,0.0,-15000.0,-15000.0,-18193.0,8.76
2024-06-21,792.0,788.0,796.0,771.0,1524274.0,3006.0,1191170357.0,-210750.0,0.0,9000.0,-8000.0,28481.0,8.64
2024-06-24,752.0,799.0,804.0,752.0,2006151.0,5108.0,1538859237.0,-599972.0,0.0,12000.0,0.0,-78122.0,8.29
2024-06-25,743.0,750.0,752.0,733.0,1040410.0,2505.0,773185937.0,-3000.0,0.0,-80000.0,-13000.0,-6033.0,8.29
2024-06-26,748.0,751.0,756.0,740.0,1103691.0,2066.0,823204963.0,-118995.0,0.0,-88000.0,8000.0,5309.0,8.2
2024-06-27,747.0,750.0,763.0,743.0,961621.0,1603.0,724638617.0,-142000.0,0.0,1000.0,-9000.0,34123.0,8.12
2024-06-28,739.0,762.0,765.0,736.0,1211646.0,2883.0,904231366.0,-211950.0,0.0,-25000.0,13010.0,-23381.0,8.01
2024-07-01,742.0,743.0,756.0,740.0,846089.0,1667.0,632704537.0,-998.0,0.0,-50000.0,3000.0,-8985.0,8.01
2024-07-02,734.0,748.0,748.0,732.0,936864.0,2531.0,690234803.0,-172000.0,0.0,-169000.0,-2000.0,-11450.0,7.91
2024-07-03,744.0,747.0,759.0,744.0,1357225.0,2406.0,1018631918.0,16100.0,0.0,10000.0,4000.0,4326.0,7.92
2024-07-04,740.0,755.0,761.0,736.0,1184336.0,2649.0,881455264.0,-255700.0,0.0,-153000.0,1000.0,14475.0,7.77
2024-07-05,738.0,747.0,750.0,732.0,1034939.0,2960.0,763238188.0,-130006.0,0.0,-116000.0,-19.0,-32890.0,7.69
2024-07-08,738.0,737.0,746.0,733.0,741513.0,1639.0,547922785.0,-46000.0,0.0,-79000.0,-4000.0,55386.0,7.66
2024-07-09,736.9931787175989,749.075034106412,758.1364256480218,727.931787175989,1239026.0,2937.0,914019478.0,-253629.0,0.0,-117000.0,0.0,-20967.0,7.55
2024-07-10,746.0545702592087,740.0136425648021,751.0886766712142,731.9590723055934,679498.0,1657.0,499364741.0,-56000.0,0.0,-1000.0,-4000.0,2407.0,7.5
2024-07-11,725.9181446111869,758.1364256480218,758.1364256480218,725.9181446111869,1800608.0,4901.0,1314646763.0,-354850.0,0.0,-515000.0,-1000.0,-61696.0,7.31
2024-07-12,694.7066848567531,720.8840381991814,720.8840381991814,694.7066848567531,1779348.0,6364.0,1241796677.0,52970.0,0.0,-536000.0,-29000.0,-25263.0,7.35
2024-07-15,696.7203274215552,698.7339699863574,703.7680763983628,693.699863574352,481519.0,1238.0,334122454.0,43000.0,0.0,-29000.0,1000.0,-75728.0,7.38
2024-07-16,696.7203274215552,698.7339699863574,711.8226466575716,696.7203274215552,597164.0,1510.0,417035677.0,-77900.0,0.0,-17000.0,0.0,8092.0,7.36
2024-07-17,692.6930422919509,701.7544338335607,703.7680763983628,686.6521145975444,568353.0,2432.0,390504072.0,-20950.0,0.0,-57000.0,0.0,-18031.0,7.35
2024-07-18,661.481582537517,676.5839017735334,677.5907230559345,647.3860845839017,1944228.0,5306.0,1274717997.0,-108289.0,0.0,-20000.0,-2900.0,11100.0,7.29
2024-07-19,639.331514324693,660.4747612551159,661.481582537517,639.331514324693,1318329.0,3416.0,845510335.0,218110.0,0.0,-414000.0,-6000.0,-10365.0,7.43
2024-07-22,610.1336971350613,643.3587994542974,643.3587994542974,602.0791268758526,2172423.0,4429.0,1320758572.0,837000.0,0.0,-1101000.0,-33900.0,-17273.0,7.91
2024-07-23,620.2019099590723,622.2155525238745,625.2360163710778,615.1678035470668,785226.0,1674.0,482992203.0,-81000.0,0.0,-121000.0,5000.0,6274.0,7.86
2024-07-26,610.1336971350613,594.0245566166438,612.1473396998636,592.0109140518417,786383.0,2376.0,471325146.0,135752.0,0.0,-167000.0,-12000.0,-7209.0,7.96
2024-07-29,603.0859481582537,628.256480218281,632.2837653478854,600.0654843110505,1013338.0,2552.0,620147891.0,-352950.0,0.0,2000.0,0.0,-3009.0,7.76
2024-07-30,615.1678035470668,597.0450204638472,615.1678035470668,596.0381991814461,513837.0,1456.0,308591559.0,2783.0,0.0,-53000.0,-2000.0,909.0,7.77
2024-07-31,620.2019099590723,609.1268758526603,624.2291950886766,602.0791268758526,616521.0,1212.0,377085709.0,-116514.0,0.0,-39000.0,12000.0,9958.0,7.7
2024-08-01,630.2701227830833,637.3178717598909,639.331514324693,620.2019099590723,856499.0,1394.0,535745115.0,36000.0,0.0,1000.0,-1000.0,5990.0,7.72
2024-08-02,592.0109140518417,605.0995907230559,617.181446111869,592.0109140518417,858125.0,2377.0,514121902.0,-58000.0,0.0,4000.0,-12000.0,-7533.0,7.69
2024-08-05,533.6152796725785,547.7107776261937,550.731241473397,533.6152796725785,890040.0,2571.0,474180303.0,-196000.0,0.0,-28000.0,-17000.0,-24391.0,7.6
2024-08-06,535.6289222373806,547.7107776261937,558.7858117326057,499.8867667121419,1330664.0,2348.0,699040206.0,169000.0,0.0,-161000.0,7000.0,-17422.0,7.7
2024-08-07,567.8472032742155,537.6425648021827,572.881309686221,536.6357435197817,749235.0,1597.0,416844227.0,31678.0,0.0,-9000.0,0.0,5376.0,7.71
2024-08-08,557.7789904502047,553.7517053206002,569.8608458390177,546.7039563437926,519232.0,1071.0,288444882.0,77000.0,0.0,0.0,-8000.0,-1880.0,7.75
2024-08-09,559.7926330150068,574.8949522510231,578.9222373806275,559.7926330150068,862348.0,1416.0,485860585.0,-7330.0,0.0,0.0,0.0,2947.0,7.78
2024-08-12,583.956343792633,572.881309686221,591.0040927694406,570.8676671214188,717871.0,1392.0,415574317.0,109938.0,0.0,0.0,-1000.0,7679.0,7.81
2024-08-13,591.0040927694406,588.9904502046385,595.031377899045,576.9085948158254,439154.0,813.0,256101330.0,23000.0,0.0,0.0,0.0,5262.0,7.82
2024-08-14,602.0791268758526,605.0995907230559,612.1473396998636,600.0654843110505,640958.0,1292.0,385462765.0,24000.0,0.0,-2000.0,0.0,-2696.0,7.8
2024-08-15,609.1268758526603,605.0995907230559,615.1678035470668,599.0586630286493,457441.0,989.0,276380549.0,50000.0,0.0,1000.0,3000.0,6334.0,7.84
2024-08-16,623.2223738062755,619.1950886766712,625.2360163710778,616.1746248294679,728561.0,1437.0,449597180.0,-183000.0,0.0,53000.0,1000.0,-211.0,7.73
2024-08-19,619.1950886766712,623.2223738062755,625.2360163710778,614.1609822646658,499805.0,1025.0,308018136.0,43050.0,0.0,-59000.0,-4000.0,-500.0,7.76
2024-08-20,617.181446111869,624.2291950886766,628.256480218281,617.181446111869,384491.0,825.0,237522185.0,35055.0,0.0,-3000.0,0.0,-532.0,7.78
2024-08-21,610.1336971350613,615.1678035470668,618.18826739427,606.1064120054571,458816.0,1050.0,278361046.0,99105.0,0.0,2000.0,-6000.0,-2188.0,7.84
2024-08-22,604.0927694406548,617.181446111869,617.181446111869,601.0723055934516,217238.0,825.0,131007530.0,3000.0,0.0,-40000.0,-1000.0,-2550.0,7.84
2024-08-23,602.0791268758526,601.0723055934516,604.0927694406548,582.9495225102319,791956.0,1939.0,466078495.0,-43995.0,0.0,-47000.0,0.0,-8315.0,7.81
2024-08-26,603.0859481582537,612.1473396998636,618.18826739427,602.0791268758526,422322.0,1035.0,255776723.0,-11000.0,0.0,-1000.0,0.0,5004.0,7.8
2024-08-27,604.0927694406548,599.0586630286493,610.1336971350613,599.0586630286493,250328.0,807.0,150447888.0,-37000.0,0.0,0.0,0.0,4251.0,7.78
2024-08-28,603.0859481582537,609.1268758526603,609.1268758526603,595.031377899045,276459.0,867.0,165412671.0,-81750.0,0.0,0.0,0.0,-2975.0,7.74
2024-08-29,656.4474761255116,596.0381991814461,661.481582537517,594.0245566166438,2341977.0,3932.0,1496013373.0,21000.0,0.0,0.0,0.0,37492.0,7.77
2024-08-30,650.406548431105,664.5020463847203,672.556616643929,646.3792633015007,1240272.0,2179.0,810260391.0,-19000.0,0.0,23000.0,9000.0,-9743.0,7.76
2024-09-02,639.331514324693,659.4679399727148,659.4679399727148,637.3178717598909,569394.0,1280.0,364063031.0,97172.0,0.0,-34000.0,3000.0,-8604.0,7.82
2024-09-03,628.256480218281,637.3178717598909,649.399727148704,628.256480218281,550792.0,1182.0,347829790.0,75150.0,0.0,-22000.0,1000.0,-8895.0,7.86
2024-09-04,582.9495225102319,592.0109140518417,597.0450204638472,571.8744884038199,1161673.0,3297.0,677672738.0,-92980.0,0.0,0.0,-27000.0,-26432.0,7.83
2024-09-05,572.881309686221,588.9904502046385,594.0245566166438,570.8676671214188,593130.0,1721.0,342249935.0,-55845.0,0.0,1000.0,-7000.0,-4154.0,7.81
2024-09-06,583.956343792633,574.8949522510231,583.956343792633,566.8403819918144,364733.0,739.0,209838063.0,102000.0,0.0,0.0,-2000.0,125.0,7.87
2024-09-09,578.9222373806275,568.8540245566167,581.9427012278309,567.8472032742155,325552.0,832.0,185675973.0,-24995.0,0.0,0.0,-6000.0,-2139.0,7.85
2024-09-10,561.8062755798089,582.9495225102319,587.9836289222374,554.7585266030013,542658.0,1563.0,306737024.0,-38000.0,0.0,1000.0,-2000.0,-5254.0,7.83
2024-09-11,573.8881309686221,563.8199181446112,581.9427012278309,562.81309686221,516766.0,862.0,294145507.0,146000.0,0.0,0.0,3000.0,1929.0,7.91
2024-09-12,589.9972714870396,586.9768076398362,596.0381991814461,579.9290586630286,592045.0,1174.0,346121784.0,-88990.0,0.0,0.0,18000.0,6879.0,7.85
2024-09-13,591.0040927694406,589.9972714870396,595.031377899045,580.9358799454297,362296.0,726.0,211612729.0,50000.0,0.0,-68000.0,5000.0,-1245.0,7.87
2024-09-16,594.0245566166438,594.0245566166438,596.0381991814461,585.9699863574351,226466.0,598.0,133337699.0,21000.0,0.0,-4000.0,4000.0,239.0,7.88
2024-09-18,564.8267394270123,588.9904502046385,589.9972714870396,564.8267394270123,927199.0,2431.0,528233384.0,-405995.0,0.0,-49000.0,-1000.0,-5883.0,7.66
2024-09-19,582.9495225102319,566.8403819918144,587.9836289222374,564.8267394270123,668501.0,1068.0,383797077.0,123000.0,0.0,-201000.0,10000.0,5830.0,7.76
2024-09-20,604.0927694406548,586.9768076398362,609.1268758526603,586.9768076398362,2206924.0,2019.0,1320275159.0,307548.0,0.0,-248000.0,17000.0,8090.0,8.01
2024-09-23,624.2291950886766,607.1132332878581,644.3656207366985,607.1132332878581,1219065.0,3334.0,762180239.0,26400.0,0.0,68000.0,61000.0,22050.0,8.07
2024-09-24,633.2905866302865,628.256480218281,635.3042291950886,620.2019099590723,640897.0,1191.0,400615291.0,123000.0,0.0,0.0,-2999.0,-4784.0,8.16
2024-09-25,635.3042291950886,644.3656207366985,644.3656207366985,631.2769440654843,458197.0,964.0,290207418.0,-70250.0,0.0,13000.0,17000.0,-4468.0,8.1
2024-09-26,645.3724420190996,641.3451568894952,658.4611186903137,635.3042291950886,1159323.0,2310.0,746296457.0,163949.0,0.0,160000.0,-2000.0,15407.0,8.18
2024-09-27,635.3042291950886,654.4338335607094,657.4542974079127,634.2974079126875,668375.0,1416.0,427149189.0,-85010.0,0.0,1000.0,-15000.0,-21193.0,8.13
2024-09-30,636.3110504774897,632.2837653478854,645.3724420190996,627.2496589358799,485075.0,920.0,307165375.0,2742.0,0.0,0.0,10999.0,19844.0,8.12
2024-10-01,629.2633015006821,646.3792633015007,647.3860845839017,629.2633015006821,729760.0,3528.0,462844558.0,-247000.0,0.0,-1000.0,16000.0,-25484.0,7.96
2024-10-04,640.3383356070941,636.3110504774897,650.406548431105,634.2974079126875,524136.0,1030.0,334404797.0,229392.0,0.0,0.0,-1000.0,1985.0,8.08
2024-10-07,639.331514324693,646.3792633015007,648.3929058663028,639.331514324693,252041.0,635.0,160728826.0,-17794.0,0.0,0.0,-7000.0,-4922.0,8.06
2024-10-08,637.3178717598909,641.3451568894952,641.3451568894952,622.2155525238745,448271.0,1276.0,280949953.0,-34994.0,0.0,-3000.0,-28000.0,-5246.0,8.08
2024-10-09,634.2974079126875,640.3383356070941,645.3724420190996,634.2974079126875,261028.0,560.0,165171050.0,-55000.0,0.0,-1000.0,-3000.0,-5.0,8.05
2024-10-11,642.3519781718962,641.3451568894952,646.3792633015007,635.3042291950886,443999.0,873.0,283017837.0,86000.0,0.0,0.0,-4000.0,624.0,8.1
2024-10-14,637.3178717598909,644.3656207366985,645.3724420190996,620.2019099590723,805041.0,1138.0,505648215.0,-33000.0,0.0,80000.0,0.0,-21.0,8.09
2024-10-15,642.3519781718962,644.3656207366985,650.406548431105,640.3383356070941,545800.0,1026.0,349629050.0,55745.0,0.0,-72000.0,-30000.0,2274.0,8.08
2024-10-16,633.2905866302865,634.2974079126875,637.3178717598909,630.2701227830833,448943.0,1281.0,282789547.0,-144000.0,0.0,-2000.0,3000.0,94.0,8.02
2024-10-17,636.3110504774897,635.3042291950886,636.3110504774897,627.2496589358799,414015.0,752.0,260312329.0,-71000.0,0.0,-128000.0,5000.0,-541.0,7.99
2024-10-18,634.2974079126875,640.3383356070941,646.3792633015007,630.2701227830833,306262.0,760.0,193963437.0,-65160.0,0.0,3000.0,9000.0,-5725.0,7.95
2024-10-21,668.5293315143247,640.3383356070941,678.5975443383356,638.324693042292,1469522.0,2870.0,969591595.0,396000.0,0.0,54000.0,30000.0,32030.0,8.18
2024-10-22,660.4747612551159,668.5293315143247,671.5497953615279,656.4474761255116,503102.0,4758.0,331049196.0,-166343.0,0.0,-4000.0,-1000.0,1849.0,8.08
2024-10-23,662.4884038199182,664.5020463847203,673.5634379263302,660.4747612551159,479593.0,1261.0,317283460.0,-32000.0,0.0,5000.0,-8000.0,-8084.0,8.03
2024-10-24,656.4474761255116,670.5429740791269,678.5975443383356,656.4474761255116,941158.0,2387.0,624820167.0,-90000.0,0.0,4000.0,-9000.0,5761.0,8.0
2024-10-25,657.4542974079127,657.4542974079127,661.481582537517,648.3929058663028,330788.0,1433.0,215051534.0,-16407.0,0.0,26000.0,1000.0,-12362.0,8.0
2024-10-28,629.2633015006821,659.4679399727148,660.4747612551159,629.2633015006821,1131976.0,2120.0,715689271.0,-439995.0,0.0,-48000.0,-8000.0,-16904.0,7.75
2024-10-29,620.2019099590723,622.2155525238745,625.2360163710778,609.1268758526603,515852.0,1425.0,315904773.0,-62280.0,0.0,26000.0,-4000.0,-9509.0,7.71
2024-10-30,625.2360163710778,621.2087312414734,635.3042291950886,617.181446111869,368212.0,702.0,228964826.0,31040.0,0.0,-68000.0,-8000.0,3307.0,7.73
2024-11-01,635.3042291950886,610.1336971350613,636.3110504774897,605.0995907230559,337505.0,1020.0,209051544.0,56000.0,0.0,0.0,-6000.0,1021.0,7.77
2024-11-04,634.2974079126875,629.2633015006821,635.3042291950886,625.2360163710778,236277.0,585.0,148373792.0,-34000.0,0.0,35000.0,3000.0,-181.0,7.74
2024-11-05,634.2974079126875,629.2633015006821,638.324693042292,629.2633015006821,179535.0,432.0,113163842.0,-48000.0,0.0,1000.0,1000.0,1200.0,7.7
2024-11-06,639.331514324693,636.3110504774897,642.3519781718962,631.2769440654843,254336.0,640.0,161020480.0,64000.0,0.0,1000.0,-23500.0,-3570.0,7.74
2024-11-07,640.3383356070941,639.331514324693,646.3792633015007,639.331514324693,167277.0,456.0,106925160.0,6524.0,0.0,0.0,4000.0,1219.0,7.74
2024-11-08,634.2974079126875,641.3451568894952,647.3860845839017,630.2701227830833,245421.0,846.0,155148054.0,-69297.0,0.0,0.0,0.0,-658.0,7.68
2024-11-11,628.256480218281,625.2360163710778,632.2837653478854,623.2223738062755,241117.0,1313.0,150387520.0,15343.0,0.0,1000.0,-1000.0,-1369.0,7.69
2024-11-12,608.1200545702592,618.18826739427,623.2223738062755,607.1132332878581,400169.0,1641.0,243895181.0,-156000.0,0.0,-1000.0,-10000.0,-4730.0,7.6
2024-11-13,607.1132332878581,609.1268758526603,619.1950886766712,607.1132332878581,231861.0,647.0,140831242.0,-67000.0,0.0,1000.0,-9000.0,-606.0,7.57
2024-11-14,587.9836289222374,609.1268758526603,611.1405184174624,587.9836289222374,638749.0,2423.0,376947275.0,-98930.0,0.0,-39000.0,-7000.0,-6712.0,7.53
2024-11-15,587.9836289222374,592.0109140518417,601.0723055934516,584.9631650750341,342148.0,857.0,201145659.0,88000.0,0.0,-82000.0,-11000.0,198.0,7.59
2024-11-18,572.881309686221,588.9904502046385,588.9904502046385,569.8608458390177,363683.0,1459.0,207629319.0,-93028.0,0.0,2000.0,2000.0,-2755.0,7.54
2024-11-19,598.0518417462483,582.9495225102319,600.0654843110505,574.8949522510231,322834.0,809.0,189372758.0,81704.0,0.0,-2000.0,8000.0,2735.0,7.58
2024-11-20,604.0927694406548,596.0381991814461,609.1268758526603,593.0177353342428,344997.0,745.0,206923235.0,-26613.0,0.0,0.0,2000.0,1442.0,7.55
2024-11-21,605.0995907230559,605.0995907230559,608.1200545702592,596.0381991814461,144369.0,331.0,86676795.0,-17319.0,0.0,0.0,-1000.0,-152.0,7.54
2024-11-22,626.2428376534788,604.0927694406548,626.2428376534788,604.0927694406548,477249.0,1043.0,293177079.0,24000.0,0.0,0.0,4100.0,11201.0,7.55
2024-11-25,634.2974079126875,636.3110504774897,638.324693042292,621.2087312414734,590772.0,1098.0,370305910.0,99176.0,0.0,10000.0,17000.0,8967.0,7.62
2024-11-26,628.256480218281,634.2974079126875,636.3110504774897,624.2291950886766,414317.0,723.0,259776961.0,-95000.0,0.0,8000.0,0.0,-1202.0,7.56
2024-11-27,610.1336971350613,633.2905866302865,633.2905866302865,610.1336971350613,305731.0,814.0,188780316.0,10980.0,0.0,12000.0,0.0,-7675.0,7.56
2024-11-28,613.1541609822647,611.1405184174624,615.1678035470668,594.0245566166438,226916.0,691.0,136316206.0,14000.0,0.0,2000.0,-100.0,-1982.0,7.57
2024-11-29,628.256480218281,617.181446111869,633.2905866302865,613.1541609822647,427581.0,803.0,265945989.0,142000.0,0.0,3000.0,-2000.0,7177.0,7.65
2024-12-02,635.3042291950886,632.2837653478854,643.3587994542974,628.256480218281,484689.0,941.0,306673698.0,70000.0,0.0,5000.0,3000.0,1166.0,7.69
2024-12-03,664.5020463847203,646.3792633015007,669.5361527967258,643.3587994542974,1529893.0,3474.0,1004581557.0,417012.0,0.0,234000.0,20857.0,21211.0,7.94
2024-12-04,681.6180081855389,672.556616643929,697.7271487039563,667.5225102319235,2173712.0,4448.0,1477447467.0,148220.0,0.0,93000.0,56500.0,26142.0,8.03
2024-12-05,684.6384720327421,688.6657571623465,688.6657571623465,670.5429740791269,795141.0,1808.0,536812665.0,-36232.0,0.0,79000.0,9600.0,-15452.0,8.01
2024-12-06,679.6043656207366,684.6384720327421,684.6384720327421,673.5634379263302,398614.0,1372.0,268877718.0,9000.0,0.0,43000.0,9100.0,-2579.0,8.01
2024-12-09,689.6725784447476,682.6248294679399,689.6725784447476,674.5702592087312,479806.0,1148.0,325428050.0,-35000.0,0.0,22000.0,-1957.0,-1589.0,7.98
2024-12-10,680.6111869031378,692.6930422919509,696.7203274215552,677.5907230559345,715864.0,1444.0,487357595.0,-210990.0,0.0,93000.0,3000.0,6872.0,7.87
2024-12-11,685.6452933151432,675.5770804911323,692.6930422919509,670.5429740791269,738981.0,1467.0,502571411.0,148628.0,0.0,95000.0,2700.0,8517.0,7.97
2024-12-12,725.9181446111869,692.6930422919509,744.0409276944065,691.6862210095497,3925308.0,7002.0,2846978851.0,360950.0,0.0,314000.0,21500.0,52280.0,8.18
2024-12-13,726.924965893588,734.9795361527968,743.0341064120055,718.8703956343793,2033797.0,3719.0,1479280603.0,226970.0,0.0,152000.0,-17000.0,3556.0,8.31
2024-12-16,713.8362892223738,743.0341064120055,747.0613915416097,711.8226466575716,1887445.0,4273.0,1368945322.0,-106051.0,0.0,48000.0,1000.0,-16063.0,8.25
2024-12-17,741.0204638472032,721.8908594815825,754.1091405184175,719.8772169167803,2472789.0,4738.0,1820945655.0,8000.0,0.0,148000.0,19700.0,100793.0,8.24
2024-12-18,730.9522510231923,741.0204638472032,746.0545702592087,726.924965893588,1114389.0,2851.0,811144021.0,-101999.0,0.0,80000.0,-28358.0,-76305.0,8.17
2024-12-19,717.8635743519782,715.8499317871759,725.9181446111869,711.8226466575716,1302623.0,3306.0,927883587.0,202342.0,0.0,-146000.0,8500.0,-3737.0,8.26
2024-12-20,695.7135061391541,718.8703956343793,723.9045020463847,695.7135061391541,1002202.0,3851.0,703091855.0,157220.0,0.0,-1000.0,-24114.0,-23093.0,8.34
2024-12-23,709.8090040927694,707.7953615279672,711.8226466575716,697.7271487039563,560202.0,1280.0,392214477.0,31040.0,0.0,-1000.0,7000.0,-1461.0,8.31
2024-12-24,696.7203274215552,713.8362892223738,714.8431105047748,696.7203274215552,601045.0,2080.0,419528600.0,4998.0,0.0,16000.0,-3628.0,-2252.0,8.32
2024-12-25,723.9045020463847,699.7407912687585,736.9931787175989,699.7407912687585,1751211.0,3235.0,1259216182.0,142995.0,0.0,272000.0,10900.0,24584.0,8.41
2024-12-26,717.8635743519782,730.9522510231923,730.9522510231923,713.8362892223738,498484.0,1450.0,357127281.0,-58000.0,0.0,43000.0,1800.0,-13723.0,8.37
2024-12-27,715.8499317871759,716.856753069577,723.9045020463847,711.8226466575716,286512.0,844.0,204333150.0,55830.0,0.0,26000.0,4000.0,-3485.0,8.37
2024-12-30,696.7203274215552,715.8499317871759,715.8499317871759,696.7203274215552,817859.0,2848.0,570666174.0,10000.0,0.0,49000.0,-18000.0,-7920.0,8.38
2024-12-31,708.8021828103683,700.7476125511596,709.8090040927694,696.7203274215552,423731.0,939.0,296504085.0,52000.0,0.0,-2000.0,-15000.0,-8821.0,8.4
2025-01-02,674.5702592087312,703.7680763983628,704.774897680764,670.5429740791269,1212124.0,4176.0,822871948.0,-305900.0,0.0,-96000.0,-22100.0,-27328.0,8.23
2025-01-03,667.5225102319235,675.5770804911323,681.6180081855389,662.4884038199182,642217.0,1926.0,426550607.0,39021.0,0.0,-34000.0,-2000.0,-6492.0,8.25
2025-01-06,686.6521145975444,679.6043656207366,688.6657571623465,676.5839017735334,414992.0,1249.0,281902824.0,106034.0,0.0,0.0,2000.0,18568.0,8.32
2025-01-07,690.6793997271486,689.6725784447476,698.7339699863574,672.556616643929,826067.0,2007.0,561787547.0,121020.0,0.0,-184000.0,2900.0,-4060.0,8.39
2025-01-08,676.5839017735334,686.6521145975444,692.6930422919509,674.5702592087312,575211.0,1675.0,388845888.0,70050.0,0.0,-157000.0,-7200.0,3749.0,8.44
2025-01-09,666.5156889495224,681.6180081855389,689.6725784447476,664.5020463847203,549396.0,1521.0,368971282.0,-6071.0,0.0,-57000.0,-3300.0,-1084.0,8.42
2025-01-10,680.6111869031378,665.5088676671214,686.6521145975444,665.5088676671214,638464.0,1332.0,431017330.0,121268.0,0.0,107000.0,-200.0,22365.0,8.49
2025-01-13,635.3042291950886,675.5770804911323,675.5770804911323,632.2837653478854,1078310.0,3832.0,691075786.0,-266768.0,0.0,0.0,-48900.0,-35061.0,8.34
2025-01-14,643.3587994542974,638.324693042292,648.3929058663028,635.3042291950886,327195.0,834.0,208723806.0,-78000.0,0.0,12000.0,-3000.0,3106.0,8.3
2025-01-15,644.3656207366985,643.3587994542974,651.4133697135061,635.3042291950886,282598.0,759.0,180546243.0,28000.0,0.0,0.0,-3400.0,2531.0,8.32
2025-01-16,656.4474761255116,653.4270122783083,660.4747612551159,649.399727148704,407241.0,970.0,265536978.0,47182.0,0.0,14000.0,16700.0,87.0,8.35
2025-01-17,650.406548431105,658.4611186903137,658.4611186903137,644.3656207366985,247443.0,923.0,159546669.0,-127429.0,0.0,51000.0,-200.0,-2495.0,8.28
2025-01-20,671.5497953615279,651.4133697135061,671.5497953615279,651.4133697135061,375269.0,876.0,247754070.0,62000.0,0.0,51000.0,1000.0,16194.0,8.32
2025-01-21,674.5702592087312,671.5497953615279,674.5702592087312,663.4952251023192,349895.0,981.0,233147622.0,-114000.0,0.0,127000.0,-1000.0,-665.0,8.25
2025-01-22,684.6384720327421,683.631650750341,685.6452933151432,672.556616643929,531929.0,1237.0,360308556.0,-99000.0,0.0,226000.0,9298.0,-1093.0,8.2
2025-02-03,666.5156889495224,662.4884038199182,674.5702592087312,656.4474761255116,522341.0,1759.0,344319098.0,-4094.0,0.0,45000.0,-2100.0,-11400.0,8.21
2025-02-04,675.5770804911323,670.5429740791269,680.6111869031378,665.5088676671214,479725.0,1028.0,321587841.0,43094.0,0.0,39000.0,-200.0,4260.0,8.22
2025-02-05,695.7135061391541,685.6452933151432,711.8226466575716,683.631650750341,1066868.0,2235.0,741236235.0,161040.0,0.0,64000.0,37908.0,19785.0,8.31
2025-02-06,693.699863574352,700.7476125511596,702.7612551159618,688.6657571623465,459586.0,1114.0,317366921.0,-107816.0,0.0,147000.0,-2000.0,-19128.0,8.25
2025-02-07,688.6657571623465,697.7271487039563,697.7271487039563,687.6589358799454,386315.0,1206.0,265448255.0,-79083.0,0.0,-22000.0,6998.0,1315.0,8.2
2025-02-10,682.6248294679399,686.6521145975444,686.6521145975444,674.5702592087312,281573.0,969.0,189961273.0,-4134.0,0.0,11000.0,-10355.0,-3968.0,8.18
2025-02-11,709.8090040927694,693.699863574352,712.8294679399727,689.6725784447476,1390923.0,2878.0,975716667.0,245980.0,0.0,126000.0,23284.0,53620.0,8.32
2025-02-12,702.7612551159618,712.8294679399727,719.8772169167803,702.7612551159618,810092.0,1616.0,570664477.0,-13376.0,0.0,179000.0,-6548.0,-36476.0,8.31
2025-02-13,713.8362892223738,706.7885402455661,713.8362892223738,700.7476125511596,509531.0,1198.0,359130765.0,43780.0,0.0,95000.0,6948.0,755.0,8.33
2025-02-14,698.7339699863574,714.8431105047748,718.8703956343793,697.7271487039563,562975.0,2076.0,394596242.0,-96793.0,0.0,-10000.0,-1214.0,-7019.0,8.27
2025-02-17,706.7885402455661,699.7407912687585,712.8294679399727,699.7407912687585,441962.0,970.0,310452661.0,87434.0,0.0,90000.0,2300.0,7856.0,8.32
2025-02-18,708.8021828103683,714.8431105047748,714.8431105047748,702.7612551159618,358907.0,828.0,252858922.0,-27169.0,0.0,89000.0,-5600.0,-4283.0,8.3
2025-02-19,702.7612551159618,706.7885402455661,706.7885402455661,701.7544338335607,311075.0,938.0,217449981.0,-66392.0,0.0,3000.0,-8894.0,-19.0,8.2
2025-02-20,696.7203274215552,702.7612551159618,704.774897680764,690.6793997271486,411174.0,1144.0,284573177.0,-55333.0,0.0,93000.0,3200.0,-2256.0,8.19
2025-02-21,693.699863574352,694.7066848567531,697.7271487039563,691.6862210095497,240853.0,879.0,166174387.0,-63896.0,0.0,0.0,-1000.0,-879.0,8.13
2025-02-24,689.6725784447476,687.6589358799454,690.6793997271486,682.6248294679399,240811.0,895.0,164460844.0,-3606.0,0.0,1000.0,-2000.0,-2110.0,8.13
2025-02-25,680.6111869031378,684.6384720327421,684.6384720327421,676.5839017735334,362416.0,1133.0,245002714.0,-111079.0,0.0,32000.0,-19174.0,-28.0,8.06
2025-02-26,682.6248294679399,677.5907230559345,688.6657571623465,671.5497953615279,450431.0,968.0,305088789.0,-52860.0,0.0,109000.0,-22000.0,-10711.0,8.02
2025-02-27,663.4952251023192,681.6180081855389,687.6589358799454,663.4952251023192,613422.0,2244.0,408562562.0,-273795.0,0.0,0.0,-3000.0,-6068.0,7.88
2025-03-03,647.3860845839017,657.4542974079127,659.4679399727148,640.3383356070941,489125.0,1924.0,315084912.0,-88459.0,0.0,10000.0,3100.0,-12167.0,7.84
2025-03-04,656.4474761255116,638.324693042292,659.4679399727148,628.256480218281,435265.0,1204.0,278681808.0,-21379.0,0.0,6000.0,-2600.0,1762.0,7.85
2025-03-05,654.4338335607094,656.4474761255116,660.4747612551159,652.4201909959072,224395.0,740.0,146289174.0,-70995.0,0.0,0.0,1400.0,1401.0,7.82
2025-03-06,655.4406548431105,658.4611186903137,664.5020463847203,654.4338335607094,272640.0,593.0,178153342.0,-21000.0,0.0,0.0,2973.0,1599.0,7.81
2025-03-07,639.331514324693,649.399727148704,653.4270122783083,639.331514324693,361475.0,1464.0,231141103.0,-105000.0,0.0,1000.0,-3900.0,-6615.0,7.76
2025-03-10,637.3178717598909,640.3383356070941,651.4133697135061,634.2974079126875,264355.0,706.0,168618377.0,-75145.0,0.0,3000.0,-3613.0,182.0,7.72
2025-03-11,618.18826739427,629.2633015006821,629.2633015006821,606.1064120054571,511827.0,1803.0,312800518.0,-93744.0,0.0,8000.0,-9898.0,-16623.0,7.68
2025-03-12,626.2428376534788,622.2155525238745,630.2701227830833,619.1950886766712,349424.0,684.0,217077307.0,-26000.0,0.0,61000.0,-2200.0,-1490.0,7.66
2025-03-13,615.1678035470668,634.2974079126875,638.324693042292,613.1541609822647,269475.0,1036.0,166810657.0,-32900.0,0.0,0.0,-1387.0,-8493.0,7.65
2025-03-14,615.1678035470668,616.1746248294679,620.2019099590723,611.1405184174624,207804.0,657.0,126932846.0,34000.0,0.0,4000.0,-1000.0,6271.0,7.67
2025-03-17,619.1950886766712,624.2291950886766,627.2496589358799,617.181446111869,185047.0,479.0,114328233.0,20000.0,0.0,0.0,-4000.0,-1152.0,7.66
2025-03-18,630.2701227830833,623.2223738062755,635.3042291950886,623.2223738062755,184143.0,507.0,115384417.0,27075.0,0.0,-3000.0,686.0,1940.0,7.68
2025-03-19,621.2087312414734,631.2769440654843,637.3178717598909,619.1950886766712,240201.0,752.0,149405869.0,-49000.0,0.0,-15000.0,-714.0,5007.0,7.65
2025-03-20,630.2701227830833,633.2905866302865,633.2905866302865,623.2223738062755,207649.0,391.0,129372151.0,90000.0,0.0,-86000.0,1964.0,1770.0,7.7
2025-03-21,634.2974079126875,628.256480218281,634.2974079126875,623.2223738062755,241785.0,422.0,151056966.0,56925.0,0.0,7000.0,-3000.0,-1057.0,7.74
2025-03-24,627.2496589358799,632.2837653478854,636.3110504774897,625.2360163710778,187176.0,540.0,116755586.0,12400.0,0.0,-64000.0,-1000.0,2626.0,7.75
2025-03-25,631.2769440654843,634.2974079126875,637.3178717598909,628.256480218281,199905.0,462.0,125617584.0,65676.0,0.0,-54000.0,-2300.0,14752.0,7.78
2025-03-26,634.2974079126875,632.2837653478854,639.331514324693,631.2769440654843,145054.0,396.0,91411403.0,41227.0,0.0,-22000.0,6000.0,785.0,7.8
2025-03-27,623.2223738062755,623.2223738062755,624.2291950886766,616.1746248294679,188685.0,718.0,116356371.0,351.0,0.0,0.0,-1610.0,-5948.0,7.81
2025-03-28,596.0381991814461,619.1950886766712,619.1950886766712,589.9972714870396,762938.0,2714.0,454803433.0,-127903.0,0.0,-127000.0,-18852.0,-20374.0,7.74
2025-03-31,553.7517053206002,569.8608458390177,573.8881309686221,548.7175989085948,809000.0,2521.0,448545186.0,54563.0,0.0,-158000.0,-7300.0,-27246.0,7.78
2025-04-01,580.9358799454297,559.7926330150068,583.956343792633,553.7517053206002,328085.0,833.0,186120318.0,48060.0,0.0,2000.0,-6000.0,7429.0,7.82
2025-04-02,583.956343792633,576.9085948158254,586.9768076398362,571.8744884038199,178791.0,519.0,103169815.0,3070.0,0.0,0.0,-2000.0,705.0,7.8
2025-04-07,525.5607094133698,525.5607094133698,525.5607094133698,525.5607094133698,28128.0,420.0,14682816.0,6000.0,0.0,0.0,0.0,0.0,7.8
2025-04-08,473.20600272851294,476.72987721691675,493.84583901773533,473.20600272851294,1075122.0,2388.0,510860705.0,135611.0,0.0,-379000.0,13290.0,-16902.0,7.89
2025-04-09,425.8854024556616,445.51841746248294,463.13778990450203,425.8854024556616,949716.0,2167.0,414866103.0,219657.0,0.0,-200000.0,-6000.0,13746.0,8.02
2025-04-10,468.1718963165075,468.1718963165075,468.1718963165075,468.1718963165075,193839.0,201.0,90135135.0,-2000.0,0.0,-113000.0,-2000.0,0.0,8.01
2025-04-11,484.281036834925,468.1718963165075,485.7912687585266,444.0081855388813,785476.0,1349.0,364786598.0,165046.0,0.0,-230000.0,-3000.0,-102.0,8.12
2025-04-14,491.3287858117326,502.40381991814456,517.506139154161,486.2946793997271,580735.0,1592.0,287843180.0,-106894.0,0.0,-33000.0,-5000.0,-883.0,8.03
2025-04-15,510.4583901773533,496.3628922237381,513.4788540245565,491.83219645293315,322983.0,777.0,162295161.0,61242.0,0.0,-21000.0,3000.0,3371.0,8.07
2025-04-16,507.43792633015005,505.42428376534787,513.4788540245565,502.40381991814456,391305.0,718.0,197596829.0,90009.0,0.0,-29000.0,-12092.0,-1588.0,8.13
2025-04-17,502.40381991814456,503.4106412005457,507.43792633015005,495.35607094133695,209405.0,471.0,104320191.0,-32481.0,0.0,-1000.0,0.0,-1314.0,8.09
2025-04-18,497.8731241473397,506.43110504774893,506.43110504774893,497.36971350613914,234123.0,471.0,116428870.0,5923.0,0.0,-61000.0,-1000.0,275.0,8.09
2025-04-21,484.281036834925,496.3628922237381,497.36971350613914,484.281036834925,287148.0,843.0,139421524.0,-13916.0,0.0,-56000.0,-1229.0,-3084.0,8.08
2025-04-22,471.19236016371076,480.2537517053206,487.3015006821282,465.65484311050477,318360.0,724.0,150380587.0,68564.0,0.0,-72000.0,1000.0,-2309.0,8.12
2025-04-23,492.3356070941337,488.30832196452934,499.3833560709413,488.30832196452934,353756.0,573.0,173635414.0,140094.0,0.0,-117000.0,-16.0,4878.0,8.2
2025-04-24,489.3151432469304,510.4583901773533,510.4583901773533,489.3151432469304,249308.0,412.0,122301164.0,5676.0,0.0,-55000.0,-3038.0,0.0,8.2
2025-04-25,503.4106412005457,498.87994542974076,509.45156889495223,498.87994542974076,273684.0,542.0,137447333.0,64072.0,0.0,-3000.0,9000.0,602.0,8.23
2025-04-28,509.45156889495223,505.42428376534787,512.4720327421555,505.42428376534787,133676.0,325.0,67539381.0,-18303.0,0.0,5000.0,2507.0,2536.0,8.21
2025-04-29,519.5197817189631,513.4788540245565,519.5197817189631,505.42428376534787,230924.0,484.0,117941697.0,38627.0,0.0,4000.0,0.0,4684.0,8.23
2025-04-30,506.43110504774893,521.5334242837653,525.5607094133698,506.43110504774893,293733.0,681.0,150293346.0,-104491.0,0.0,0.0,-10000.0,-3120.0,8.17
2025-05-02,513.4788540245565,516.4993178717599,519.5197817189631,509.45156889495223,197330.0,476.0,100819557.0,23766.0,0.0,0.0,0.0,-3968.0,8.22
2025-05-05,498.87994542974076,515.4924965893588,523.5470668485675,485.7912687585266,525497.0,1144.0,260816820.0,-18936.0,0.0,-99000.0,16446.0,-5456.0,8.2
2025-05-06,496.3628922237381,493.84583901773533,503.4106412005457,493.34242837653477,163119.0,499.0,80727364.0,-10682.0,0.0,-25000.0,-2964.0,-2590.0,8.22
2025-05-07,489.3151432469304,494.8526603001364,501.3969986357435,488.81173260572984,153361.0,596.0,75144798.0,-10779.0,0.0,0.0,0.0,-3377.0,8.21
2025-05-08,506.43110504774893,494.34924965893583,506.43110504774893,494.34924965893583,135943.0,376.0,67917119.0,61073.0,0.0,-1000.0,4180.0,-152.0,8.25
2025-05-09,523.5470668485675,508.44474761255117,524.5538881309686,507.43792633015005,568912.0,1104.0,293685564.0,160352.0,0.0,3000.0,3000.0,4382.0,8.34
2025-05-12,528.581173260573,530.5948158253751,539.656207366985,526.5675306957708,334385.0,816.0,177171545.0,-37155.0,0.0,0.0,1000.0,1970.0,8.32
2025-05-13,538.6493860845839,541.6698499317872,543.6834924965893,535.6289222373806,286055.0,589.0,153278634.0,24016.0,0.0,0.0,1000.0,-204.0,8.34
2025-05-14,548.7175989085948,540.6630286493861,550.731241473397,540.6630286493861,298474.0,839.0,161992580.0,17994.0,0.0,0.0,13000.0,5177.0,8.33
2025-05-15,544.6903137789905,551.7380627557981,551.7380627557981,539.656207366985,189465.0,608.0,102454080.0,-20840.0,0.0,-1000.0,-5100.0,-2785.0,8.32
2025-05-16,545.6971350613915,543.6834924965893,546.7039563437926,540.6630286493861,145752.0,453.0,78832190.0,-7839.0,0.0,-300.0,1000.0,1696.0,7.92
2025-05-19,527.5743519781719,541.6698499317872,541.6698499317872,524.5538881309686,309848.0,1118.0,162891039.0,-46210.0,0.0,-89000.0,-2000.0,-3734.0,7.88
2025-05-20,526.5675306957708,538.6493860845839,541.6698499317872,524.5538881309686,282875.0,642.0,149267258.0,43831.0,0.0,-103000.0,2000.0,258.0,7.92
2025-05-21,540.6630286493861,528.581173260573,540.6630286493861,528.581173260573,217038.0,461.0,115612685.0,91106.0,0.0,-30000.0,0.0,5655.0,7.97
2025-05-22,533.6152796725785,532.6084583901774,536.6357435197817,527.5743519781719,147287.0,434.0,77775936.0,-8570.0,0.0,-22000.0,-3000.0,1143.0,7.97
2025-05-23,529.587994542974,540.6630286493861,548.7175989085948,529.587994542974,270667.0,690.0,144492069.0,-62155.0,0.0,-6000.0,-2000.0,-3437.0,7.92
2025-05-26,524.5538881309686,529.587994542974,531.6016371077762,524.5538881309686,138514.0,482.0,72518512.0,-20807.0,0.0,-1000.0,-6000.0,-1492.0,7.91
2025-05-27,514.4856753069577,527.5743519781719,527.5743519781719,510.4583901773533,277117.0,1063.0,141931987.0,-67900.0,0.0,-20000.0,-13000.0,-1926.0,7.87
2025-05-28,514.4856753069577,521.5334242837653,522.5402455661664,509.45156889495223,247802.0,656.0,126491891.0,74713.0,0.0,-115000.0,3000.0,-421.0,7.9
2025-05-29,518.512960436562,518.512960436562,523.5470668485675,514.4856753069577,166709.0,360.0,86063500.0,56071.0,0.0,-20000.0,6000.0,436.0,7.94
2025-06-02,499.3833560709413,512.4720327421555,512.4720327421555,494.34924965893583,311826.0,1205.0,155045258.0,-77891.0,0.0,-36000.0,-1997.0,-2400.0,7.89
2025-06-03,496.3628922237381,500.39017735334244,505.42428376534787,496.3628922237381,161442.0,460.0,80171681.0,-34900.0,0.0,-15000.0,2000.0,-492.0,7.87
2025-06-04,512.4720327421555,502.9072305593451,513.4788540245565,502.9072305593451,213405.0,494.0,108153563.0,92535.0,0.0,-2500.0,0.0,3133.0,7.94
2025-06-05,509.45156889495223,514.4856753069577,516.4993178717599,509.45156889495223,162480.0,421.0,82585345.0,25800.0,0.0,-43000.0,-1115.0,2380.0,7.95
2025-06-06,515.4924965893588,509.45156889495223,517.506139154161,509.45156889495223,123755.0,342.0,63244011.0,6854.0,0.0,0.0,161.0,-2522.0,7.87
2025-06-09,520.5266030013643,521.5334242837653,521.5334242837653,511.4652114597544,138957.0,365.0,71246338.0,-35337.0,0.0,-20000.0,1000.0,219.0,7.85
2025-06-10,528.581173260573,520.5266030013643,529.587994542974,520.5266030013643,239199.0,600.0,125302302.0,6707.0,0.0,0.0,2000.0,4532.0,7.86
2025-06-11,545.6971350613915,531.6016371077762,545.6971350613915,531.6016371077762,433854.0,1066.0,232541197.0,89134.0,0.0,0.0,7900.0,-1754.0,7.91
2025-06-12,540.6630286493861,543.6834924965893,544.6903137789905,537.6425648021827,217728.0,603.0,116918822.0,5978.0,0.0,0.0,-9000.0,-1164.0,7.92
2025-06-13,523.5470668485675,536.6357435197817,536.6357435197817,523.5470668485675,317302.0,879.0,166210491.0,-117716.0,0.0,-1000.0,-10000.0,423.0,7.85
2025-06-16,529.587994542974,521.5334242837653,529.587994542974,518.512960436562,126022.0,270.0,65682275.0,13797.0,0.0,0.0,2000.0,726.0,7.86
2025-06-17,529.587994542974,533.6152796725785,537.6425648021827,528.581173260573,218078.0,464.0,115335723.0,46062.0,0.0,-61000.0,-1000.0,-172.0,7.89
2025-06-18,535.6289222373806,527.5743519781719,538.6493860845839,527.5743519781719,183825.0,506.0,97892415.0,84429.0,0.0,0.0,-16000.0,372.0,7.94
2025-06-19,526.5675306957708,531.6016371077762,533.6152796725785,524.5538881309686,154383.0,463.0,80929715.0,-59833.0,0.0,0.0,-1000.0,-1035.0,7.89
2025-06-20,514.4856753069577,526.5675306957708,527.5743519781719,511.4652114597544,354899.0,735.0,181918051.0,-73446.0,0.0,-4000.0,-2000.0,362.0,7.85
2025-06-23,510.4583901773533,511.4652114597544,513.4788540245565,495.8594815825375,308591.0,717.0,154848300.0,-53076.0,0.0,-6000.0,-2000.0,-1600.0,7.83
2025-06-24,533.6152796725785,518.512960436562,536.6357435197817,518.512960436562,251494.0,703.0,132495333.0,140536.0,0.0,-1000.0,0.0,-523.0,7.91
2025-06-25,543.6834924965893,539.656207366985,549.7244201909959,536.6357435197817,453715.0,1005.0,245041034.0,108067.0,0.0,-1000.0,0.0,3468.0,7.96
2025-06-26,541.6698499317872,547.7107776261937,555.7653478854024,541.6698499317872,340915.0,784.0,185664235.0,42471.0,0.0,0.0,-8000.0,2472.0,7.98
2025-06-27,544.6903137789905,540.6630286493861,548.7175989085948,540.6630286493861,232614.0,566.0,125969693.0,71751.0,0.0,-8000.0,-37598.0,-2205.0,8.02
2025-06-30,533.6152796725785,544.6903137789905,544.6903137789905,533.6152796725785,196824.0,543.0,105224177.0,233.0,0.0,0.0,-295.0,-2011.0,8.01
2025-07-01,539.656207366985,542.6766712141882,551.7380627557981,539.656207366985,342947.0,860.0,186052632.0,23201.0,0.0,30000.0,9938.0,3500.0,8.02
2025-07-02,551.7380627557981,543.6834924965893,555.7653478854024,540.6630286493861,493296.0,1074.0,269648488.0,76605.0,0.0,4000.0,12200.0,3188.0,8.07
2025-07-03,551.7380627557981,559.9729592148398,559.9729592148398,550.7087006984178,351242.0,855.0,189341353.0,-172737.0,0.0,16000.0,-1000.0,-3855.0,7.97
2025-07-04,546.591252468897,557.9142351000794,557.9142351000794,546.591252468897,194368.0,605.0,104063111.0,325.0,0.0,0.0,5000.0,-1539.0,7.96
2025-07-07,533.2095457229541,545.5618904115167,545.5618904115167,528.062735436053,207236.0,734.0,107667982.0,-42929.0,0.0,0.0,-5100.0,-690.0,7.95
2025-07-08,526.0040113212925,533.2095457229541,533.2095457229541,524.9746492639123,145871.0,553.0,74777032.0,-9712.0,0.0,-2000.0,-1000.0,-296.0,7.94
2025-07-09,553.7967868705584,535.2682698377146,557.9142351000794,533.2095457229541,381148.0,942.0,204240222.0,123207.0,0.0,2000.0,5000.0,2135.0,8.03
2025-07-10,559.9729592148398,556.8848730426992,571.2959418460223,553.7967868705584,544267.0,1176.0,298296621.0,-2260.0,0.0,82000.0,3900.0,-3076.0,8.03
2025-07-11,597.0299932805277,565.119769501741,609.3823379690904,565.119769501741,1402843.0,2956.0,808876713.0,-126211.0,0.0,22000.0,15642.0,1941.0,7.96
2025-07-14,567.1784936165013,593.9419071083871,593.9419071083871,554.8261489279387,921625.0,2235.0,514065503.0,-197582.0,0.0,2000.0,13777.0,-1212.0,7.87
2025-07-15,566.1491315591211,567.1784936165013,576.4427521329234,561.00232127222,374149.0,946.0,206158251.0,-66211.0,0.0,17000.0,-5657.0,2669.0,7.84
2025-07-16,573.3546659607827,571.2959418460223,583.6482865345848,568.2078556738816,597055.0,1091.0,334888347.0,49642.0,0.0,-6000.0,-13200.0,18159.0,7.9
2025-07-17,569.2372177312618,580.5602003624442,580.5602003624442,567.1784936165013,221429.0,642.0,122710049.0,-56308.0,0.0,2000.0,3100.0,-1290.0,7.87
2025-07-18,566.1491315591211,577.4721141903035,577.4721141903035,564.0904074443607,236265.0,698.0,130268135.0,-68900.0,0.0,-2000.0,3000.0,-3340.0,7.85
2025-07-21,561.00232127222,566.1491315591211,569.2372177312618,561.00232127222,158133.0,590.0,86762178.0,-42000.0,0.0,0.0,7000.0,3150.0,7.82
2025-07-22,546.591252468897,566.1491315591211,568.2078556738816,543.5031662967563,351030.0,1217.0,188622927.0,-14005.0,0.0,0.0,-4000.0,-4009.0,7.82
2025-07-23,553.7967868705584,554.8261489279387,559.9729592148398,551.7380627557981,108623.0,342.0,58663944.0,3236.0,0.0,-1000.0,13000.0,262.0,7.81
2025-07-24,555.8555109853189,554.8261489279387,556.8848730426992,549.6793386410376,129861.0,441.0,69796201.0,8849.0,0.0,0.0,0.0,-234.0,7.82
2025-07-25,555.8555109853189,554.8261489279387,559.9729592148398,551.7380627557981,136304.0,330.0,73754783.0,48000.0,0.0,-1000.0,-694.0,1523.0,7.86
2025-07-28,558.9435971574596,561.00232127222,564.0904074443607,554.8261489279387,128300.0,357.0,69708228.0,11000.0,0.0,0.0,0.0,18.0,7.87
2025-07-29,554.8261489279387,568.2078556738816,577.4721141903035,546.591252468897,628310.0,1217.0,342432744.0,-220818.0,0.0,69000.0,6103.0,647.0,7.78
2025-07-30,571.2959418460223,558.9435971574596,583.6482865345848,550.7087006984178,674811.0,1379.0,375759106.0,49000.0,0.0,2000.0,6000.0,563.0,7.84
2025-07-31,573.3546659607827,581.5895624198245,591.8831829936266,572.3253039034024,543050.0,1031.0,305878385.0,-75775.0,0.0,40000.0,3000.0,367.0,7.79
2025-08-01,567.1784936165013,569.2372177312618,573.3546659607827,558.9435971574596,322991.0,947.0,178068383.0,-29354.0,0.0,-12000.0,-6979.0,-1387.0,7.77
2025-08-04,552.7674248131783,564.0904074443607,564.0904074443607,549.6793386410376,437588.0,1112.0,235743355.0,-179000.0,0.0,0.0,-1000.0,-4034.0,7.68
2025-08-05,558.9435971574596,561.00232127222,571.2959418460223,556.8848730426992,286086.0,602.0,156514136.0,40459.0,0.0,-1000.0,-801.0,-880.0,7.71
2025-08-06,553.7967868705584,559.9729592148398,559.9729592148398,548.6499765836573,304715.0,935.0,163506824.0,-107373.0,0.0,18000.0,-1000.0,1906.0,7.65
2025-08-07,565.119769501741,561.00232127222,569.2372177312618,559.9729592148398,542721.0,942.0,297397519.0,256052.0,0.0,-198000.0,643.0,273.0,7.8
2025-08-08,555.8555109853189,568.2078556738816,568.2078556738816,554.8261489279387,357023.0,849.0,193750183.0,-102286.0,0.0,-62000.0,-1000.0,696.0,7.74
2025-08-11,555.8555109853189,555.8555109853189,558.9435971574596,548.6499765836573,247554.0,640.0,133268731.0,-19000.0,0.0,-1000.0,1000.0,-1125.0,7.69
2025-08-12,559.9729592148398,554.8261489279387,563.0610453869805,553.7967868705584,239011.0,489.0,129955245.0,61101.0,0.0,-1000.0,0.0,1184.0,7.72
2025-08-13,563.0610453869805,568.2078556738816,578.5014762476837,559.9729592148398,663954.0,1315.0,367623221.0,85030.0,0.0,0.0,1442.0,2691.0,7.76
2025-08-14,570.266579788642,566.1491315591211,576.4427521329234,565.119769501741,468343.0,1077.0,260009613.0,57045.0,0.0,-1000.0,3000.0,-1365.0,7.76
2025-08-15,570.266579788642,577.4721141903035,577.4721141903035,563.0610453869805,350246.0,743.0,193625163.0,-98649.0,0.0,5000.0,1627.0,-1697.0,7.7
2025-08-18,571.2959418460223,570.266579788642,579.530838305064,567.1784936165013,315334.0,722.0,175690545.0,42301.0,0.0,-35000.0,-11400.0,9206.0,7.72
2025-08-19,566.1491315591211,573.3546659607827,581.5895624198245,566.1491315591211,474722.0,920.0,263718569.0,-63051.0,0.0,-29000.0,-1000.0,2232.0,7.67
2025-08-20,539.3857180672354,565.119769501741,565.119769501741,537.3269939524749,812263.0,2414.0,431000547.0,-362674.0,0.0,-24000.0,2000.0,-3520.0,7.48
2025-08-21,540.4150801246157,541.4444421819959,546.591252468897,539.3857180672354,240007.0,1014.0,126438718.0,-89234.0,0.0,-6000.0,1586.0,354.0,7.45
2025-08-22,539.3857180672354,540.4150801246157,543.5031662967563,531.1508216081936,226140.0,630.0,118245985.0,-16000.0,0.0,0.0,1000.0,37.0,7.45
2025-08-25,553.7967868705584,549.6793386410376,558.9435971574596,547.6206145262772,373986.0,736.0,201540428.0,241757.0,0.0,4000.0,1000.0,549.0,7.59
2025-08-26,563.0610453869805,551.7380627557981,563.0610453869805,549.6793386410376,229125.0,509.0,124388023.0,133865.0,0.0,1000.0,0.0,211.0,7.68
2025-08-27,573.3546659607827,563.0610453869805,577.4721141903035,563.0610453869805,469760.0,1048.0,261065247.0,190730.0,0.0,30000.0,7100.0,6497.0,7.76
2025-08-28,572.3253039034024,576.4427521329234,576.4427521329234,567.1784936165013,251768.0,719.0,140019125.0,33314.0,0.0,43000.0,-3451.0,-3348.0,7.78
2025-08-29,585.7070106493453,581.5895624198245,596.0006312231475,581.5895624198245,789514.0,1752.0,451869421.0,26724.0,0.0,28000.0,3800.0,3916.0,7.79
2025-09-01,570.266579788642,589.8244588788662,589.8244588788662,567.1784936165013,424984.0,1534.0,238009565.0,-65062.0,0.0,-1000.0,4869.0,-2213.0,7.75
2025-09-02,561.00232127222,571.2959418460223,576.4427521329234,559.9729592148398,280829.0,1075.0,154275154.0,-97239.0,0.0,-1000.0,-4500.0,675.0,7.64
2025-09-03,565.119769501741,561.00232127222,569.2372177312618,558.9435971574596,145276.0,520.0,79773346.0,20688.0,0.0,0.0,-3400.0,-6345.0,7.65
2025-09-04,564.0904074443607,569.2372177312618,572.3253039034024,563.0610453869805,169753.0,415.0,93645387.0,11008.0,0.0,-1000.0,-7400.0,2008.0,7.65
2025-09-05,577.4721141903035,570.266579788642,579.530838305064,567.1784936165013,327722.0,712.0,182959275.0,147327.0,0.0,0.0,-1000.0,3510.0,7.74
2025-09-08,593.9419071083871,589.8244588788662,600.1180794526684,586.7363727067255,580658.0,1273.0,335078361.0,165114.0,0.0,72000.0,3295.0,8433.0,7.84
2025-09-09,593.9419071083871,598.059355337908,599.0887173952882,582.6189244772047,574170.0,1360.0,329775424.0,28045.0,0.0,-1000.0,10771.0,4576.0,7.85
2025-09-10,587.7657347641058,602.1768035674288,602.1768035674288,587.7657347641058,266159.0,795.0,153231769.0,-34004.0,0.0,-5000.0,1700.0,-2527.0,7.82
2025-09-11,570.266579788642,587.7657347641058,591.8831829936266,568.2078556738816,379003.0,1321.0,212579055.0,-42773.0,0.0,-1000.0,450.0,2035.0,7.8
2025-09-12,563.0610453869805,572.3253039034024,578.5014762476837,563.0610453869805,353381.0,1136.0,194543252.0,-179454.0,0.0,-2000.0,1228.0,-538.0,7.67
2025-09-15,553.7967868705584,563.0610453869805,565.119769501741,551.7380627557981,278354.0,926.0,150438066.0,-95488.0,0.0,0.0,-9800.0,531.0,7.62
2025-09-16,579.530838305064,558.9435971574596,581.5895624198245,555.8555109853189,358844.0,887.0,199428654.0,75516.0,0.0,87000.0,586.0,3795.0,7.67
2025-09-17,567.1784936165013,574.3840280181629,582.6189244772047,567.1784936165013,220705.0,713.0,122411378.0,-77910.0,0.0,-1000.0,-7857.0,1289.0,7.63
2025-09-18,576.4427521329234,567.1784936165013,583.6482865345848,567.1784936165013,311865.0,672.0,175355510.0,145965.0,0.0,-3000.0,5376.0,4897.0,7.7
2025-09-19,563.0610453869805,584.6776485919651,590.8538209362464,563.0610453869805,507795.0,1193.0,283206690.0,-157258.0,0.0,-2000.0,10371.0,4440.0,7.62
2025-09-22,554.8261489279387,573.3546659607827,573.3546659607827,553.7967868705584,416350.0,1187.0,225268357.0,-209664.0,0.0,0.0,-1000.0,-2176.0,7.51
2025-09-23,552.7674248131783,556.8848730426992,562.0316833296002,551.7380627557981,368077.0,964.0,198288448.0,-190907.0,0.0,-20000.0,0.0,616.0,7.42
2025-09-24,543.5031662967563,551.7380627557981,552.7674248131783,541.4444421819959,422367.0,1477.0,223665179.0,-178524.0,0.0,-23000.0,2000.0,-636.0,7.34
2025-09-25,547.6206145262772,547.6206145262772,551.7380627557981,539.3857180672354,225358.0,678.0,119321619.0,-107156.0,0.0,-2000.0,2915.0,-205.0,7.3
2025-09-26,530.1214595508134,545.5618904115167,545.5618904115167,527.0333733786728,529365.0,1803.0,273275713.0,-178559.0,0.0,0.0,0.0,-1183.0,7.24
2025-09-30,534.2389077803343,535.2682698377146,539.3857180672354,530.1214595508134,186290.0,522.0,96684154.0,-28323.0,0.0,0.0,4000.0,108.0,7.23
2025-10-01,527.0333733786728,535.2682698377146,535.2682698377146,523.9452872065322,285121.0,1328.0,146441307.0,-108452.0,0.0,-1000.0,1991.0,1933.0,7.2
2025-10-02,522.9159251491519,535.2682698377146,535.2682698377146,522.9159251491519,254478.0,957.0,129912357.0,-102980.0,0.0,-12000.0,1000.0,-101.0,7.14
2025-10-03,527.0333733786728,523.9452872065322,536.2976318950947,523.9452872065322,202554.0,581.0,104414726.0,-4000.0,0.0,-15000.0,2000.0,1209.0,7.15
2025-10-07,526.0040113212925,534.2389077803343,534.2389077803343,526.0040113212925,189373.0,733.0,97508774.0,9475.0,0.0,-17000.0,5000.0,-1650.0,7.17
2025-10-08,531.1508216081936,531.1508216081936,533.2095457229541,522.9159251491519,142279.0,457.0,73145034.0,27000.0,0.0,17000.0,1000.0,-38.0,7.19
2025-10-09,534.2389077803343,536.2976318950947,538.3563560098552,533.2095457229541,193449.0,516.0,100707326.0,46513.0,0.0,31000.0,0.0,-326.0,7.22
2025-10-13,535.2682698377146,522.9159251491519,541.4444421819959,514.6810286901101,337880.0,902.0,173104758.0,-44078.0,0.0,52000.0,2000.0,5178.0,7.21
2025-10-14,530.1214595508134,542.473804239376,562.0316833296002,528.062735436053,776320.0,1543.0,413217181.0,131241.0,0.0,20000.0,-1430.0,6560.0,7.31
2025-10-15,535.2682698377146,536.2976318950947,537.3269939524749,529.0920974934332,218042.0,560.0,113010189.0,-64656.0,0.0,0.0,-5327.0,7090.0,7.28
2025-10-16,528.062735436053,536.2976318950947,540.4150801246157,526.0040113212925,353544.0,1227.0,182317832.0,-128350.0,0.0,-1000.0,1434.0,-8527.0,7.23
2025-10-17,519.8278389770112,528.062735436053,528.062735436053,519.8278389770112,315944.0,1217.0,160165658.0,-63993.0,0.0,-1000.0,0.0,-1295.0,7.2
2025-10-20,520.8572010343914,522.9159251491519,523.9452872065322,514.16634766142,340980.0,1316.0,171207262.0,-17968.0,0.0,39000.0,0.0,-4424.0,7.2
2025-10-21,521.8865630917717,528.062735436053,532.1801836655738,520.8572010343914,289450.0,711.0,148009572.0,122933.0,0.0,1000.0,4000.0,-1575.0,7.27
2025-10-22,520.8572010343914,521.8865630917717,524.9746492639123,515.7103907474904,198203.0,705.0,100334354.0,-5713.0,0.0,3000.0,5000.0,763.0,7.26
2025-10-23,507.4754942884486,515.7103907474904,519.8278389770112,505.4167701736881,700494.0,2949.0,346617185.0,-246315.0,0.0,-60000.0,1000.0,-9411.0,7.11
2025-10-27,515.7103907474904,516.7397528048706,517.7691148622508,509.534218403209,261885.0,753.0,130713376.0,-43376.0,0.0,30998.0,9000.0,-637.0,7.11
2025-10-28,507.4754942884486,518.798476919631,518.798476919631,506.44613223106836,254450.0,1054.0,125831427.0,-4112.0,0.0,-62000.0,-3000.0,-3363.0,7.11
2025-10-29,511.59294251796945,510.56358046058926,517.7691148622508,510.56358046058926,266352.0,658.0,132932539.0,107789.0,0.0,-61000.0,1000.0,-1684.0,7.14
2025-10-30,513.6516666327299,516.7397528048706,528.062735436053,510.56358046058926,435219.0,1094.0,219519474.0,52880.0,0.0,-58000.0,-2000.0,1863.0,7.17
2025-10-31,514.6810286901101,517.7691148622508,519.8278389770112,513.1369856040398,236301.0,544.0,118533502.0,17574.0,0.0,-1000.0,8197.0,1.0,7.15
2025-11-03,515.7103907474904,519.8278389770112,522.9159251491519,513.1369856040398,252507.0,566.0,126853097.0,12589.0,0.0,0.0,-3592.0,3520.0,7.14
2025-11-04,505.4167701736881,515.7103907474904,517.7691148622508,500.78464091547715,465393.0,2169.0,228729867.0,-193237.0,0.0,-59000.0,2000.0,-4494.0,7.04
2025-11-05,492.5497444564354,500.26995988678703,500.26995988678703,483.80016696870354,478346.0,1797.0,227741360.0,-80382.0,0.0,-61000.0,-3000.0,-3458.0,7.04
2025-11-06,500.26995988678703,499.2405978294068,504.902089144998,495.12314959988595,235741.0,587.0,114473508.0,85980.0,0.0,-64000.0,4000.0,-285.0,7.1
2025-11-07,488.9469772556046,499.2405978294068,500.26995988678703,487.9176151982244,296457.0,1035.0,141373238.0,-23503.0,0.0,-65000.0,-12000.0,-4147.0,7.1
2025-11-10,487.9176151982244,494.0937875425057,494.0937875425057,484.3148479973936,210803.0,661.0,99948811.0,64995.0,0.0,-63000.0,-7000.0,-2066.0,7.14
2025-11-11,483.2854859400134,488.9469772556046,491.52038239905517,479.68271873918263,368850.0,1280.0,173792900.0,53739.0,0.0,-64000.0,-1000.0,-264.0,7.14
2025-11-12,482.7708049113233,485.34421005477384,490.4910203416749,482.7708049113233,204043.0,604.0,96163362.0,63076.0,0.0,-64000.0,2138.0,-1001.0,7.16
2025-11-13,479.1680377104925,484.8295290260837,485.85889108346396,476.07995153835185,290992.0,1007.0,135247559.0,72997.0,0.0,-65000.0,0.0,-416.0,7.19
2025-11-14,469.3890981653804,470.41846022276064,475.56527050966173,467.33037405062,249375.0,1105.0,114310452.0,33954.0,0.0,-63000.0,0.0,-1244.0,7.2
2025-11-17,466.3010119932398,469.3890981653804,471.4478222801409,463.21292582109913,285160.0,869.0,129235025.0,66290.0,0.0,-66000.0,-2000.0,-1495.0,7.24
2025-11-18,453.433986275987,466.81569302192986,466.81569302192986,451.88994318991666,444271.0,1439.0,196609614.0,-15956.0,0.0,-35000.0,-7009.0,-6036.0,7.25
2025-11-19,446.7431329030156,462.1835637637189,462.1835637637189,446.7431329030156,346377.0,829.0,152117999.0,-77992.0,0.0,-8000.0,0.0,1772.0,7.19
2025-11-20,457.0367534768178,457.0367534768178,458.5807965628881,452.9193052472969,231320.0,469.0,102554946.0,92532.0,0.0,0.0,3000.0,768.0,7.25
2025-11-21,450.34590010384636,456.5220724481277,456.5220724481277,443.6550467308749,218368.0,752.0,95171014.0,-37959.0,0.0,0.0,5000.0,-2508.0,7.24
2025-11-24,446.7431329030156,454.9780293620573,458.066115534198,446.22845187432546,494378.0,562.0,215239099.0,-48008.0,0.0,-7000.0,1000.0,4499.0,7.26
2025-11-25,448.801857017776,448.28717598908594,454.46334833336726,448.28717598908594,192930.0,408.0,84340618.0,11483.0,0.0,-1000.0,0.0,-139.0,7.26
2025-11-26,463.7276068497892,451.3752621612266,477.6239946244222,451.3752621612266,881117.0,1639.0,399098724.0,-315500.0,0.0,8000.0,5871.0,-207.0,7.09
2025-11-27,462.698244792409,468.3597361080002,469.3890981653804,460.12483964895847,233450.0,676.0,105304944.0,-27984.0,0.0,2000.0,-1000.0,960.0,7.07
2025-11-28,471.4478222801409,463.21292582109913,476.07995153835185,462.1835637637189,404740.0,855.0,185867915.0,64596.0,0.0,1000.0,6000.0,-1365.0,7.11
2025-12-01,474.0212274235914,470.41846022276064,485.85889108346396,468.3597361080002,335111.0,758.0,155274853.0,-88995.0,0.0,15000.0,0.0,-1359.0,7.07
2025-12-02,474.53590845228155,480.7120807965629,482.7708049113233,474.53590845228155,188151.0,498.0,87197775.0,6322.0,0.0,14000.0,2000.0,431.0,7.08
2025-12-03,475.05058948097167,478.13867565311233,480.7120807965629,474.53590845228155,123479.0,311.0,57177839.0,26026.0,0.0,1000.0,0.0,64.0,7.1
2025-12-04,475.05058948097167,475.05058948097167,479.68271873918263,470.93314125145076,181473.0,473.0,83524733.0,24173.0,0.0,-36000.0,3000.0,-1027.0,7.11
2025-12-05,471.962503308831,471.962503308831,476.59463256704197,467.33037405062,167001.0,614.0,76473321.0,-16035.0,0.0,0.0,4000.0,1652.0,7.1
2025-12-08,469.9037791940705,468.3597361080002,474.0212274235914,468.3597361080002,113540.0,341.0,51978001.0,9657.0,0.0,-7000.0,2348.0,967.0,7.09
2025-12-09,470.93314125145076,469.9037791940705,470.93314125145076,464.2422878784793,142697.0,504.0,64810444.0,49834.0,0.0,-4000.0,-2234.0,36.0,7.11
2025-12-10,471.4478222801409,470.41846022276064,477.1093135957321,465.7863309645497,155490.0,514.0,71382986.0,14251.0,0.0,-2000.0,900.0,165.0,7.11
2025-12-11,461.6688827350288,471.4478222801409,473.5065463949013,461.6688827350288,182233.0,746.0,82639481.0,-17234.0,0.0,-1000.0,0.0,1357.0,7.09
2025-12-12,461.6688827350288,468.3597361080002,468.3597361080002,460.12483964895847,154062.0,518.0,69170657.0,-7898.0,0.0,1000.0,1000.0,372.0,7.05
2025-12-15,455.49271039074745,453.433986275987,463.21292582109913,449.83121907515624,137922.0,618.0,61209159.0,-15047.0,0.0,1000.0,-1000.0,-2332.0,7.01
2025-12-16,450.8605811325365,449.83121907515624,463.21292582109913,442.62568467349473,363513.0,1240.0,158870001.0,-207023.0,0.0,70000.0,-1000.0,-1038.0,6.91
2025-12-17,446.7431329030156,452.9193052472969,456.00739141943757,446.7431329030156,217937.0,586.0,95569012.0,-93000.0,0.0,1000.0,-6772.0,4153.0,6.87
2025-12-18,438.50823644397383,441.5963226161145,445.71377084563534,438.50823644397383,254281.0,1056.0,109002245.0,-110997.0,0.0,6000.0,6000.0,121.0,6.78
2025-12-19,456.5220724481277,447.2578139317057,458.066115534198,444.16972775956503,406838.0,778.0,178323772.0,7078.0,0.0,0.0,-967.0,-9153.0,6.82
2025-12-22,450.8605811325365,459.09547759157823,463.21292582109913,450.8605811325365,209297.0,644.0,92355428.0,-74553.0,0.0,0.0,0.0,1059.0,6.8
2025-12-23,450.34590010384636,453.433986275987,457.55143450550787,450.34590010384636,129100.0,404.0,56852728.0,-24506.0,0.0,0.0,1000.0,1743.0,6.79
2025-12-24,444.68440878825515,453.433986275987,455.49271039074745,444.68440878825515,167181.0,689.0,72824652.0,-60207.0,0.0,0.0,0.0,8061.0,6.76
2025-12-26,440.56696055873425,442.62568467349473,444.68440878825515,439.53759850135407,226199.0,957.0,97086509.0,-70827.0,0.0,0.0,0.0,468.0,6.72
2025-12-29,445.1990898169453,439.02291747266395,447.7724949603958,439.02291747266395,103200.0,400.0,44575670.0,11073.0,0.0,-1000.0,1300.0,4141.0,6.74
2025-12-30,444.16972775956503,444.68440878825515,446.22845187432546,441.0816415874244,80154.0,309.0,34617326.0,21000.0,0.0,-1000.0,0.0,-359.0,6.75
2025-12-31,455.49271039074745,447.2578139317057,461.15420170633865,445.71377084563534,317789.0,766.0,140298071.0,-102.0,0.0,-1000.0,1300.0,-3981.0,6.75
2026-01-02,457.0367534768178,461.6688827350288,464.2422878784793,456.00739141943757,225059.0,707.0,100591179.0,-37748.0,0.0,-17000.0,-600.0,-3108.0,6.68
2026-01-05,455.49271039074745,460.12483964895847,464.2422878784793,451.88994318991666,312291.0,689.0,138754698.0,8199.0,0.0,-3000.0,0.0,1283.0,6.66
2026-01-06,462.1835637637189,462.1835637637189,466.81569302192986,459.09547759157823,263167.0,656.0,118499049.0,56315.0,0.0,2000.0,200.0,-702.0,6.69
2026-01-07,461.15420170633865,464.2422878784793,469.3890981653804,460.12483964895847,311337.0,759.0,140549419.0,58000.0,0.0,-33941.0,0.0,1158.0,6.73
2026-01-08,453.94866730467714,461.15420170633865,461.15420170633865,450.8605811325365,174088.0,876.0,77224627.0,-55131.0,0.0,0.0,0.0,2712.0,6.7
2026-01-09,449.3165380464661,456.00739141943757,456.00739141943757,446.7431329030156,225106.0,715.0,98311602.0,-12978.0,0.0,-25059.0,-200.0,1736.0,6.69
2026-01-12,448.28717598908594,452.9193052472969,454.46334833336726,447.2578139317057,207878.0,736.0,90762889.0,28932.0,0.0,-60300.0,0.0,-1011.0,6.72
2026-01-13,445.71377084563534,449.3165380464661,454.9780293620573,445.1990898169453,243205.0,650.0,105765815.0,-19855.0,0.0,-34000.0,0.0,-425.0,6.71
2026-01-14,454.46334833336726,448.801857017776,455.49271039074745,447.7724949603958,200269.0,538.0,88079945.0,84149.0,0.0,1000.0,0.0,-1875.0,6.75
2026-01-15,452.9193052472969,450.8605811325365,453.433986275987,440.56696055873425,341193.0,1106.0,147831582.0,-93000.0,0.0,6000.0,0.0,4139.0,6.7
2026-01-16,445.1990898169453,451.3752621612266,457.0367534768178,445.1990898169453,231703.0,936.0,101143222.0,-23639.0,0.0,-3000.0,0.0,-5212.0,6.69
2026-01-19,443.1403657021848,441.0816415874244,449.3165380464661,440.56696055873425,177700.0,662.0,76853602.0,-8255.0,0.0,-2000.0,-2000.0,238.0,6.69
2026-01-20,442.1110036448046,440.56696055873425,446.22845187432546,440.56696055873425,125395.0,459.0,54065096.0,-560.0,0.0,0.0,-2000.0,-2333.0,6.68
2026-01-21,434.90546924314305,442.62568467349473,442.62568467349473,434.90546924314305,351862.0,1428.0,149536370.0,-103552.0,0.0,2000.0,-5000.0,5429.0,6.64
2026-01-22,440.56696055873425,437.4788743865936,449.3165380464661,436.96419335790347,201726.0,615.0,86436091.0,-33962.0,0.0,11000.0,-1000.0,-3662.0,6.62
2026-01-23,484.3148479973936,444.68440878825515,484.3148479973936,444.68440878825515,1804712.0,3530.0,825556361.0,-104654.0,0.0,52000.0,3000.0,-12229.0,6.56
2026-01-26,496.15251165726613,483.2854859400134,514.6810286901101,475.56527050966173,1953745.0,3433.0,942165069.0,-248862.0,0.0,32000.0,1000.0,-10225.0,6.43
2026-01-27,477.6239946244222,495.12314959988595,495.12314959988595,477.6239946244222,846533.0,2107.0,397648440.0,-118611.0,0.0,2000.0,-2000.0,4969.0,6.42
